EventId,EventTemplate,Occurrences
21ca9fff,route.getDistances().size: 2,263
05e26d76,indexStart: 0 __ indexEnd: 1,263
dec3d92e,startingPlaceId: shanghaiendPlaceId: suzhou,263
5f4076fd,"Query for station id,StationName: <*> <*>",2418
b0a3ee1b,[Query For Station Id] stationName: <*> <*>,1892
04508565,"Response Resutl to String Response(status=1, msg=Success, data={id=d5c4523a-827c-468c-95be-e9024a40572e, trainType=DongCheOne, routeId=f3d4d4ef-693b-4456-8eed-59c0d717dd08, basicPriceRate=0.45, firstClassPriceRate=1.0})",263
dc3880ad,[Find By Route Id And Train Type],263
7e18a6a8,[Find By Route And Train Type] Rote: f3d4d4ef-693b-4456-8eed-59c0d717dd08 Train Type: DongCheOne,263
4607eabc,"Query price, RouteId: f3d4d4ef-693b-4456-8eed-59c0d717dd08, TrainType: DongCheOne",263
1390b189,"[Query For Price Config] RouteId: f3d4d4ef-693b-4456-8eed-59c0d717dd08 ,TrainType: DongCheOne",263
5e83a0d7,[Get Route By Id] Success.,263
a222963e,"Query route by id, RouteId: <*>",1993
63384934,[Get Route By Id] Route ID：f3d4d4ef-693b-4456-8eed-59c0d717dd08,263
257b3a67,"Retrieve train,TrainTypeId: DongCheOne",817
a4b1e930,[Query Train Type] Train Type: DongCheOne,263
becc1c0c,[Check Station Exists] stationName: <*> <*>,526
9049af57,"Query for travel: Travel(trip=Trip(tripId=D1345, trainTypeId=DongCheOne, routeId=f3d4d4ef-693b-4456-8eed-59c0d717dd08, startingStationId=shanghai, stationsId=suzhou, terminalStationId=taiyuan, startingTime=Sat May 04 07:00:00 CST 2013, endTime=Sat May 04 19:59:52 CST 2013), startingPlace=Shang Hai, endPlace=Su Zhou, departureTime=Thu Jul 29 08:00:00 CST 2021)",263
377547b3,"Query ticket info for travel,Start: Shang Hai,End: Su Zhou",263
b619d046,"Route is: <*> <*> <*> distances=[0, 50], <*> <*>",929
f779693f,"Routes Response is : Response(status=1, msg=Success, <*> <*> <*> distances=[0, <*> <*> <*>",1193
122e0d4b,[Travel Service][Get Route By Id] Route <*>,1730
124fd0e1,"Routes Response is : Response(status=1, msg=Success, data={id=a3f256c1-0e43-4f7d-9c21-121bf258101f, stations=[nanjing, suzhou, shanghai], distances=[0, 200, 250], startStationId=nanjing, terminalStationId=shanghai})",264
8242e916,"Route is: Route{id='a3f256c1-0e43-4f7d-9c21-121bf258101f', stations=[nanjing, suzhou, shanghai], distances=[0, 200, 250], startStationId='nanjing', terminalStationId='shanghai'}",264
c606810d,"Route is: <*> <*> shanghai], distances=[0, <*> <*> terminalStationId='shanghai'}",264
8b37b0c1,"Routes Response is : Response(status=1, msg=Success, data={id=92708982-77af-4318-be25-57ccb0ff69ad, stations=[nanjing, zhenjiang, wuxi, suzhou, shanghai], distances=[0, 100, 150, 200, 250], startStationId=nanjing, terminalStationId=shanghai})",267
64cdd90f,"Route is: Route{id='92708982-77af-4318-be25-57ccb0ff69ad', stations=[nanjing, zhenjiang, wuxi, suzhou, shanghai], distances=[0, 100, 150, 200, 250], startStationId='nanjing', terminalStationId='shanghai'}",267
3f75b355,"Query for Station id is: Response(status=1, msg=Success, <*>",1349
aca39a58,Query for stationId by stationName: <*> <*>,1366
9fe975da,"Query ticket info for station id,Name: <*> <*>",1366
bc741cff,Query TripResponse,282
3d82cbca,calculate <*> time: Sat May 04 <*> CST 2013,304
3bc4b6f1,"Get Rest tickets num is: Response(status=1, msg=Get Left Ticket of Internal Success, data=1073741817)",325
6ef2cdae,"Configs is : Config(name=DirectTicketAllocationProportion, value=0.5, description=Allocation Proportion Of The Direct Ticket - From Start To End)",402
ebba20a9,Query config DirectTicketAllocationProportion success,402
b92bdc4e,Retrieve config: DirectTicketAllocationProportion,402
db114774,[getLeftTicketOfInterval] The request seat type is <*> and the total num is 2147483647,402
5fac77e0,"[getLeftTicketOfInterval] The result of getTrainTypeResult is Response(status=1, msg=Success, data=TrainType(id=DongCheOne, economyClass=2147483647, confortClass=2147483647, averageSpeed=180))",402
fb390e59,"Get train Type by Trip id,TripId: D1345",402
88b21645,Get Order tickets result is : 200.,402
832d5ebd,Left ticket length is: 6,402
17b74c83,[Get Sold Ticket] Date: Thu Jul 29 08:00:00 CST 2021,402
b67488e8,[ getLeftTicketOfInterval] The result of getRouteResult is Success,402
766e9095,"[Get Route By Trip ID], TripId: D1345",402
23924a82,"Get left ticket of interval,TravelDate: Thu Jul 29 08:00:00 CST 2021,TrainNumber: D1345,SeatType: <*>",402
ec51b4c5,"Seat request To String: Seat{travelDate=Thu Jul 29 08:00:00 CST 2021, trainNumber='D1345', startStation='shanghai', destStation='suzhou', <*>",804
0ad87648,[getLeftTicketOfInterval] TrainNumber start with G|D D1345,402
4741298a,"Order info is: Response(status=1, msg=Success, data=SoldTicket(travelDate=Thu Jul 29 22:00:00 CST 2021, trainNumber=D1345, noSeat=0, businessSeat=0, firstClassSeat=0, secondClassSeat=0, hardSeat=0, softSeat=0, hardBed=0, softBed=0, highSoftBed=0))",233
5fd6eaf3,[Calculate Sold Ticket] Get Orders Number: 0,233
d580f08d,[Calculate Sold Tickets] Date: Thu Jul 29 22:00:00 CST 2021 TrainNumber: D1345,233
795d9c28,"Ts-basic-service ticket info is: Response(status=1, msg=Success, data={status=true, percent=1.0, trainType={id=DongCheOne, economyClass=2147483647, confortClass=2147483647, averageSpeed=180}, prices={confortClass=50.0, economyClass=22.5}})",233
b2ab3de9,request trips left time out:org.springframework.web.client.ResourceAccessException: I/O error on <*> request for <*> Read timed out; nested exception is java.net.SocketTimeoutException: Read timed out,130
d782d782,Refreshing <*> startup date [Thu Jul 29 <*> CST 2021]; root of context hierarchy,2
44bf45f7,"No active profile set, falling back to default profiles: default",2
2895f113,Starting <*> v1.0 on <*> with PID 1 <*> started by root in /),2
7593f452,HV000001: Hibernate Validator 5.3.6.Final,2
e6f1d0c1,"No bean named <*> has been explicitly defined. Therefore, a default <*> will be created.",6
4eac5fb4,Bean <*> of type <*> is not eligible for getting processed by all BeanPostProcessors (for example: not eligible for auto-proxying),14
096b6230,Initializing Spring <*> <*>,3
48a09885,Root WebApplicationContext: initialization completed in <*> ms,2
e963e776,Starting Servlet Engine: Apache Tomcat/8.5.43,2
b5684193,Starting service [Tomcat],2
bf924e10,Initializing ProtocolHandler <*>,2
470d576f,Tomcat <*> <*> port(s): <*> (http),4
1e635295,Mapping servlet: 'dispatcherServlet' to [/],2
49b33cd1,Mapping filter: <*> to: [/*],16
9d738f32,Discovered cluster type of STANDALONE,2
7a1b80ce,"Monitor thread successfully connected to server with description <*> type=STANDALONE, state=CONNECTED, ok=true, version=ServerVersion{versionList=[4, 4, 6]}, minWireVersion=0, maxWireVersion=9, maxDocumentSize=16777216, <*>",2
cac59084,Opened connection <*> <*> to <*>,5
148c9c4b,Cluster description not yet available. Waiting for 30000 ms before timing out,2
5a311351,"Cluster created with settings <*> mode=MULTIPLE, requiredClusterType=UNKNOWN, serverSelectionTimeout='30000 ms', maxWaitQueueSize=500}",2
29ae9245,Adding discovered server <*> to client view of cluster,2
c2a4e265,Mapped URL path <*> onto handler of type [class org.springframework.web.servlet.resource.ResourceHttpRequestHandler],6
d16acdef,"Mapped ""{[/error]}"" onto public org.springframework.http.ResponseEntity<java.util.Map<java.lang.String, java.lang.Object>> org.springframework.boot.autoconfigure.web.BasicErrorController.error(javax.servlet.http.HttpServletRequest)",2
c3bcf5f7,Mapped <*> onto public <*> <*>,20
4aaf9380,"Creating filter chain: org.springframework.security.web.util.matcher.AnyRequestMatcher@1, [org.springframework.security.web.context.request.async.WebAsyncManagerIntegrationFilter@241fbec, org.springframework.security.web.context.SecurityContextPersistenceFilter@24dd44f9, org.springframework.security.web.header.HeaderWriterFilter@487cd177, org.springframework.security.web.authentication.logout.LogoutFilter@1ab14636, edu.fudan.common.security.jwt.JWTFilter@715fa8c5, org.springframework.security.web.savedrequest.RequestCacheAwareFilter@4f1fb828, org.springframework.security.web.servletapi.SecurityContextHolderAwareRequestFilter@45592af7, org.springframework.security.web.authentication.AnonymousAuthenticationFilter@644a3add, org.springframework.security.web.session.SessionManagementFilter@421d54b3, org.springframework.security.web.access.ExceptionTranslationFilter@70ede57d, org.springframework.security.web.access.intercept.FilterSecurityInterceptor@7c5df615]",1
c0162c33,Detected @ExceptionHandler methods in globalExceptionHandler,1
b12b9ef9,Looking for @ControllerAdvice: <*> startup date [Thu Jul 29 <*> CST 2021]; root of context hierarchy,2
0147fb21,"Creating filter chain: org.springframework.boot.actuate.autoconfigure.ManagementWebSecurityAutoConfiguration$LazyEndpointPathRequestMatcher@50211483, [org.springframework.security.web.context.request.async.WebAsyncManagerIntegrationFilter@51ff3c4b, org.springframework.security.web.context.SecurityContextPersistenceFilter@1310fcb0, org.springframework.security.web.header.HeaderWriterFilter@68a305eb, org.springframework.web.filter.CorsFilter@1472208d, org.springframework.security.web.authentication.logout.LogoutFilter@35787726, org.springframework.security.web.authentication.www.BasicAuthenticationFilter@42679fc2, org.springframework.security.web.savedrequest.RequestCacheAwareFilter@1ef31f71, org.springframework.security.web.servletapi.SecurityContextHolderAwareRequestFilter@6e8fdd19, org.springframework.security.web.authentication.AnonymousAuthenticationFilter@35bd8bc9, org.springframework.security.web.session.SessionManagementFilter@6637a365, org.springframework.security.web.access.ExceptionTranslationFilter@1213ffbc, org.springframework.security.web.access.intercept.FilterSecurityInterceptor@40943a6]",1
6e3a69ad,"Mapped <*> || <*> || application/json]}"" onto public <*> <*>",24
c5daac56,Mapped <*> || <*> onto public <*> <*>,7
d33d009f,"Mapped ""{[/loggers/{name:.*}],methods=[POST],consumes=[application/vnd.spring-boot.actuator.v1+json || application/json],produces=[application/vnd.spring-boot.actuator.v1+json || application/json]}"" onto public java.lang.Object org.springframework.boot.actuate.endpoint.mvc.LoggersMvcEndpoint.set(java.lang.String,java.util.Map<java.lang.String, java.lang.String>)",2
a39ac1a8,"Mapped ""{[/heapdump || /heapdump.json],methods=[GET],produces=[application/octet-stream]}"" onto public void org.springframework.boot.actuate.endpoint.mvc.HeapdumpMvcEndpoint.invoke(boolean,javax.servlet.http.HttpServletRequest,javax.servlet.http.HttpServletResponse) throws java.io.IOException,javax.servlet.ServletException",2
a827d1c6,Using a shared selector for servlet write/read,2
5588b97e,Starting ProtocolHandler <*>,2
48ffc0bd,Channel <*> has 1 subscriber(s).,2
9d28ab5f,started _org.springframework.integration.errorLogger,2
6aa2448d,Adding {logging-channel-adapter:_org.springframework.integration.errorLogger} as a subscriber to the 'errorChannel' channel,2
8f677c30,Located managed bean <*> registering with JMX server as MBean <*>,24
b2a256e6,Starting beans in phase 0,2
b30b465d,Registering beans for JMX exposure on startup,4
c8d6d8a1,Mapped <*> onto <*> <*>,3
32c29be3,Initializing ExecutorService 'taskScheduler',2
63aab30a,"Creating filter chain: org.springframework.boot.actuate.autoconfigure.ManagementWebSecurityAutoConfiguration$LazyEndpointPathRequestMatcher@47fb7ec9, [org.springframework.security.web.context.request.async.WebAsyncManagerIntegrationFilter@2f8c4fae, org.springframework.security.web.context.SecurityContextPersistenceFilter@34009349, org.springframework.security.web.header.HeaderWriterFilter@76a9a009, org.springframework.web.filter.CorsFilter@4703c998, org.springframework.security.web.authentication.logout.LogoutFilter@4f811029, org.springframework.security.web.authentication.www.BasicAuthenticationFilter@149aa7b2, org.springframework.security.web.savedrequest.RequestCacheAwareFilter@3f68a7f8, org.springframework.security.web.servletapi.SecurityContextHolderAwareRequestFilter@4faf1f4, org.springframework.security.web.authentication.AnonymousAuthenticationFilter@71166348, org.springframework.security.web.session.SessionManagementFilter@9785903, org.springframework.security.web.access.ExceptionTranslationFilter@6d6cd1e0, org.springframework.security.web.access.intercept.FilterSecurityInterceptor@56cfe6be]",1
4e17a4df,"Creating filter chain: org.springframework.security.web.util.matcher.AnyRequestMatcher@1, [org.springframework.security.web.context.request.async.WebAsyncManagerIntegrationFilter@7761e342, org.springframework.security.web.context.SecurityContextPersistenceFilter@5175d9ad, org.springframework.security.web.header.HeaderWriterFilter@73a845cb, org.springframework.security.web.authentication.logout.LogoutFilter@5329f6b3, edu.fudan.common.security.jwt.JWTFilter@51f68849, org.springframework.security.web.savedrequest.RequestCacheAwareFilter@25a5c8e, org.springframework.security.web.servletapi.SecurityContextHolderAwareRequestFilter@4409cae6, org.springframework.security.web.authentication.AnonymousAuthenticationFilter@4eb9ae4d, org.springframework.security.web.session.SessionManagementFilter@7dbae40, org.springframework.security.web.access.ExceptionTranslationFilter@27e44e9c, org.springframework.security.web.access.intercept.FilterSecurityInterceptor@1693ff90]",1
fcd9721b,Started <*> in <*> seconds (JVM running for <*>,2
694be0d5,Using default security password: 50fbf66f-d76c-4878-b8f9-41eec18b6f98,1
6a60802a,Generating unique operation named: <*>,25
7e616b81,Scanning for api listing references,1
caf7c7b8,Found 1 custom documentation plugin(s),1
cbc76583,Context refreshed,1
8dd4ace9,Closing org.springframework.boot.context.embedded.AnnotationConfigEmbeddedWebApplicationContext@6f0cb5a1: startup date [Thu Jul 29 11:02:23 CST 2021]; root of context hierarchy,1
714102da,"Create trip error.Trip already exists,TripId: <*>",5
e1f7f89f,FrameworkServlet 'dispatcherServlet': initialization completed in 21 ms,1
9790213c,FrameworkServlet 'dispatcherServlet': initialization started,1
