StartTime,EndTime,URL,SpanType,Service,SpanId,TraceId,Peer,ParentSpan,Component,IsError
1628756059256,1628756059257,{POST}/api/v1/travelservice/trips/left,Entry,ts-travel-service,1c048461f33b4ad7b8a773df75e54889.39.16287560592560046.0,1c048461f33b4ad7b8a773df75e54889.39.16287560592560047,ts-travel-service,-1,SpringMVC,True
1628756055903,1628756055906,{POST}/api/v1/travelservice/trips/left,Entry,ts-travel-service,1c048461f33b4ad7b8a773df75e54889.43.16287560559030018.0,1c048461f33b4ad7b8a773df75e54889.43.16287560559030019,ts-travel-service,-1,SpringMVC,True
1628756053729,1628756053731,{POST}/api/v1/travelservice/trips/left,Entry,ts-travel-service,1c048461f33b4ad7b8a773df75e54889.42.16287560537290008.0,1c048461f33b4ad7b8a773df75e54889.42.16287560537290009,ts-travel-service,-1,SpringMVC,True
1628756060303,1628756060304,{POST}/api/v1/travelservice/trips/left,Entry,ts-travel-service,1c048461f33b4ad7b8a773df75e54889.39.16287560603030058.0,1c048461f33b4ad7b8a773df75e54889.39.16287560603030059,ts-travel-service,-1,SpringMVC,True
1628756057547,1628756057548,{POST}/api/v1/travelservice/trips/left,Entry,ts-travel-service,1c048461f33b4ad7b8a773df75e54889.42.16287560575470028.0,1c048461f33b4ad7b8a773df75e54889.42.16287560575470029,ts-travel-service,-1,SpringMVC,True
1628756055504,1628756055507,{POST}/api/v1/travelservice/trips/left,Entry,ts-travel-service,1c048461f33b4ad7b8a773df75e54889.45.16287560555040016.0,1c048461f33b4ad7b8a773df75e54889.45.16287560555040017,ts-travel-service,-1,SpringMVC,True
1628756057915,1628756057917,{POST}/api/v1/travelservice/trips/left,Entry,ts-travel-service,1c048461f33b4ad7b8a773df75e54889.42.16287560579150032.0,1c048461f33b4ad7b8a773df75e54889.42.16287560579150033,ts-travel-service,-1,SpringMVC,True
1628756057632,1628756057634,{POST}/api/v1/travelservice/trips/left,Entry,ts-travel-service,1c048461f33b4ad7b8a773df75e54889.39.16287560576320030.0,1c048461f33b4ad7b8a773df75e54889.39.16287560576320031,ts-travel-service,-1,SpringMVC,True
1628756060477,1628756060479,{POST}/api/v1/travelservice/trips/left,Entry,ts-travel-service,1c048461f33b4ad7b8a773df75e54889.39.16287560604770060.0,1c048461f33b4ad7b8a773df75e54889.39.16287560604770061,ts-travel-service,-1,SpringMVC,True
1628756059266,1628756059267,{POST}/api/v1/travelservice/trips/left,Entry,ts-travel-service,1c048461f33b4ad7b8a773df75e54889.40.16287560592660046.0,1c048461f33b4ad7b8a773df75e54889.40.16287560592660047,ts-travel-service,-1,SpringMVC,True
1628756060509,1628756060511,{POST}/api/v1/travelservice/trips/left,Entry,ts-travel-service,1c048461f33b4ad7b8a773df75e54889.43.16287560605090060.0,1c048461f33b4ad7b8a773df75e54889.43.16287560605090061,ts-travel-service,-1,SpringMVC,True
1628756059548,1628756059604,{POST}/api/v1/travelservice/trips/left,Entry,ts-travel-service,1c048461f33b4ad7b8a773df75e54889.43.16287560595480048.0,1c048461f33b4ad7b8a773df75e54889.43.16287560595480049,ts-travel-service,-1,SpringMVC,True
1628756058771,1628756058772,{POST}/api/v1/travelservice/trips/left,Entry,ts-travel-service,1c048461f33b4ad7b8a773df75e54889.42.16287560587710042.0,1c048461f33b4ad7b8a773df75e54889.42.16287560587710043,ts-travel-service,-1,SpringMVC,True
1628756057337,1628756057339,{POST}/api/v1/travelservice/trips/left,Entry,ts-travel-service,1c048461f33b4ad7b8a773df75e54889.40.16287560573370026.0,1c048461f33b4ad7b8a773df75e54889.40.16287560573370027,ts-travel-service,-1,SpringMVC,True
1628756058350,1628756058351,{POST}/api/v1/travelservice/trips/left,Entry,ts-travel-service,1c048461f33b4ad7b8a773df75e54889.47.16287560583490036.0,1c048461f33b4ad7b8a773df75e54889.47.16287560583490037,ts-travel-service,-1,SpringMVC,True
1628756059503,1628756059505,{POST}/api/v1/travelservice/trips/left,Entry,ts-travel-service,1c048461f33b4ad7b8a773df75e54889.38.16287560595030044.0,1c048461f33b4ad7b8a773df75e54889.38.16287560595030045,ts-travel-service,-1,SpringMVC,True
1628756059948,1628756059949,{POST}/api/v1/travelservice/trips/left,Entry,ts-travel-service,1c048461f33b4ad7b8a773df75e54889.38.16287560599480050.0,1c048461f33b4ad7b8a773df75e54889.38.16287560599480051,ts-travel-service,-1,SpringMVC,True
1628756060115,1628756060116,{POST}/api/v1/travelservice/trips/left,Entry,ts-travel-service,1c048461f33b4ad7b8a773df75e54889.46.16287560601150054.0,1c048461f33b4ad7b8a773df75e54889.46.16287560601150055,ts-travel-service,-1,SpringMVC,True
1628756058360,1628756058361,{POST}/api/v1/travelservice/trips/left,Entry,ts-travel-service,1c048461f33b4ad7b8a773df75e54889.38.16287560583600034.0,1c048461f33b4ad7b8a773df75e54889.38.16287560583600035,ts-travel-service,-1,SpringMVC,True
1628756060314,1628756060315,{POST}/api/v1/travelservice/trips/left,Entry,ts-travel-service,1c048461f33b4ad7b8a773df75e54889.40.16287560603140058.0,1c048461f33b4ad7b8a773df75e54889.40.16287560603140059,ts-travel-service,-1,SpringMVC,True
1628756060615,1628756060616,{POST}/api/v1/travelservice/trips/left,Entry,ts-travel-service,1c048461f33b4ad7b8a773df75e54889.46.16287560606150060.0,1c048461f33b4ad7b8a773df75e54889.46.16287560606150061,ts-travel-service,-1,SpringMVC,True
1628756057675,1628756057676,{POST}/api/v1/travelservice/trips/left,Entry,ts-travel-service,1c048461f33b4ad7b8a773df75e54889.44.16287560576750030.0,1c048461f33b4ad7b8a773df75e54889.44.16287560576750031,ts-travel-service,-1,SpringMVC,True
1628756059758,1628756059760,{POST}/api/v1/travelservice/trips/left,Entry,ts-travel-service,1c048461f33b4ad7b8a773df75e54889.41.16287560597580050.0,1c048461f33b4ad7b8a773df75e54889.41.16287560597580051,ts-travel-service,-1,SpringMVC,True
1628756059826,1628756059828,{POST}/api/v1/travelservice/trips/left,Entry,ts-travel-service,1c048461f33b4ad7b8a773df75e54889.38.16287560598260048.0,1c048461f33b4ad7b8a773df75e54889.38.16287560598260049,ts-travel-service,-1,SpringMVC,True
1628756054115,1628756054118,{POST}/api/v1/travelservice/trips/left,Entry,ts-travel-service,1c048461f33b4ad7b8a773df75e54889.41.16287560541150010.0,1c048461f33b4ad7b8a773df75e54889.41.16287560541150011,ts-travel-service,-1,SpringMVC,True
1628756060137,1628756060138,{POST}/api/v1/travelservice/trips/left,Entry,ts-travel-service,1c048461f33b4ad7b8a773df75e54889.38.16287560601370052.0,1c048461f33b4ad7b8a773df75e54889.38.16287560601370053,ts-travel-service,-1,SpringMVC,True
1628756060291,1628756060292,{POST}/api/v1/travelservice/trips/left,Entry,ts-travel-service,1c048461f33b4ad7b8a773df75e54889.38.16287560602910054.0,1c048461f33b4ad7b8a773df75e54889.38.16287560602910055,ts-travel-service,-1,SpringMVC,True
1628756057578,1628756057580,{POST}/api/v1/travelservice/trips/left,Entry,ts-travel-service,1c048461f33b4ad7b8a773df75e54889.45.16287560575780028.0,1c048461f33b4ad7b8a773df75e54889.45.16287560575780029,ts-travel-service,-1,SpringMVC,True
1628756060626,1628756060704,{POST}/api/v1/travelservice/trips/left,Entry,ts-travel-service,1c048461f33b4ad7b8a773df75e54889.47.16287560606260060.0,1c048461f33b4ad7b8a773df75e54889.47.16287560606260061,ts-travel-service,-1,SpringMVC,True
1628756057664,1628756057666,{POST}/api/v1/travelservice/trips/left,Entry,ts-travel-service,1c048461f33b4ad7b8a773df75e54889.43.16287560576640030.0,1c048461f33b4ad7b8a773df75e54889.43.16287560576640031,ts-travel-service,-1,SpringMVC,True
1628756053203,1628756053207,{POST}/api/v1/travelservice/trips/left,Entry,ts-travel-service,1c048461f33b4ad7b8a773df75e54889.42.16287560532030006.0,1c048461f33b4ad7b8a773df75e54889.42.16287560532030007,ts-travel-service,-1,SpringMVC,True
1628756059149,1628756059151,{POST}/api/v1/travelservice/trips/left,Entry,ts-travel-service,1c048461f33b4ad7b8a773df75e54889.44.16287560591490044.0,1c048461f33b4ad7b8a773df75e54889.44.16287560591490045,ts-travel-service,-1,SpringMVC,True
1628756056017,1628756056019,{POST}/api/v1/travelservice/trips/left,Entry,ts-travel-service,1c048461f33b4ad7b8a773df75e54889.41.16287560560170018.0,1c048461f33b4ad7b8a773df75e54889.41.16287560560170019,ts-travel-service,-1,SpringMVC,True
1628756058627,1628756058629,{POST}/api/v1/travelservice/trips/left,Entry,ts-travel-service,1c048461f33b4ad7b8a773df75e54889.44.16287560586270040.0,1c048461f33b4ad7b8a773df75e54889.44.16287560586270041,ts-travel-service,-1,SpringMVC,True
1628756058457,1628756058458,{POST}/api/v1/travelservice/trips/left,Entry,ts-travel-service,1c048461f33b4ad7b8a773df75e54889.47.16287560584570038.0,1c048461f33b4ad7b8a773df75e54889.47.16287560584570039,ts-travel-service,-1,SpringMVC,True
1628756057018,1628756057019,{POST}/api/v1/travelservice/trips/left,Entry,ts-travel-service,1c048461f33b4ad7b8a773df75e54889.46.16287560570180022.0,1c048461f33b4ad7b8a773df75e54889.46.16287560570180023,ts-travel-service,-1,SpringMVC,True
1628756058217,1628756058218,{POST}/api/v1/travelservice/trips/left,Entry,ts-travel-service,1c048461f33b4ad7b8a773df75e54889.42.16287560582170036.0,1c048461f33b4ad7b8a773df75e54889.42.16287560582170037,ts-travel-service,-1,SpringMVC,True
1628756058124,1628756058126,{POST}/api/v1/travelservice/trips/left,Entry,ts-travel-service,1c048461f33b4ad7b8a773df75e54889.47.16287560581240034.0,1c048461f33b4ad7b8a773df75e54889.47.16287560581240035,ts-travel-service,-1,SpringMVC,True
1628756058003,1628756058005,{POST}/api/v1/travelservice/trips/left,Entry,ts-travel-service,1c048461f33b4ad7b8a773df75e54889.39.16287560580030034.0,1c048461f33b4ad7b8a773df75e54889.39.16287560580030035,ts-travel-service,-1,SpringMVC,True
1628756057215,1628756057216,{POST}/api/v1/travelservice/trips/left,Entry,ts-travel-service,1c048461f33b4ad7b8a773df75e54889.41.16287560572150024.0,1c048461f33b4ad7b8a773df75e54889.41.16287560572150025,ts-travel-service,-1,SpringMVC,True
1628756058903,1628756058905,{POST}/api/v1/travelservice/trips/left,Entry,ts-travel-service,1c048461f33b4ad7b8a773df75e54889.41.16287560589030042.0,1c048461f33b4ad7b8a773df75e54889.41.16287560589030043,ts-travel-service,-1,SpringMVC,True
1628756054217,1628756054305,{POST}/api/v1/travelservice/trips/left,Entry,ts-travel-service,1c048461f33b4ad7b8a773df75e54889.47.16287560542170010.0,1c048461f33b4ad7b8a773df75e54889.47.16287560542170011,ts-travel-service,-1,SpringMVC,True
1628756057981,1628756057982,{POST}/api/v1/travelservice/trips/left,Entry,ts-travel-service,1c048461f33b4ad7b8a773df75e54889.47.16287560579810032.0,1c048461f33b4ad7b8a773df75e54889.47.16287560579810033,ts-travel-service,-1,SpringMVC,True
1628756057903,1628756057905,{POST}/api/v1/travelservice/trips/left,Entry,ts-travel-service,1c048461f33b4ad7b8a773df75e54889.40.16287560579030032.0,1c048461f33b4ad7b8a773df75e54889.40.16287560579030033,ts-travel-service,-1,SpringMVC,True
1628756058738,1628756058740,{POST}/api/v1/travelservice/trips/left,Entry,ts-travel-service,1c048461f33b4ad7b8a773df75e54889.38.16287560587380038.0,1c048461f33b4ad7b8a773df75e54889.38.16287560587380039,ts-travel-service,-1,SpringMVC,True
1628756058147,1628756058149,{POST}/api/v1/travelservice/trips/left,Entry,ts-travel-service,1c048461f33b4ad7b8a773df75e54889.39.16287560581470036.0,1c048461f33b4ad7b8a773df75e54889.39.16287560581470037,ts-travel-service,-1,SpringMVC,True
1628756057567,1628756057569,{POST}/api/v1/travelservice/trips/left,Entry,ts-travel-service,1c048461f33b4ad7b8a773df75e54889.44.16287560575670028.0,1c048461f33b4ad7b8a773df75e54889.44.16287560575670029,ts-travel-service,-1,SpringMVC,True
1628756058916,1628756058918,{POST}/api/v1/travelservice/trips/left,Entry,ts-travel-service,1c048461f33b4ad7b8a773df75e54889.46.16287560589160042.0,1c048461f33b4ad7b8a773df75e54889.46.16287560589160043,ts-travel-service,-1,SpringMVC,True
1628756057557,1628756057558,{POST}/api/v1/travelservice/trips/left,Entry,ts-travel-service,1c048461f33b4ad7b8a773df75e54889.43.16287560575570028.0,1c048461f33b4ad7b8a773df75e54889.43.16287560575570029,ts-travel-service,-1,SpringMVC,True
1628756053929,1628756053931,{POST}/api/v1/travelservice/trips/left,Entry,ts-travel-service,1c048461f33b4ad7b8a773df75e54889.38.16287560539290006.0,1c048461f33b4ad7b8a773df75e54889.38.16287560539290007,ts-travel-service,-1,SpringMVC,True
1628756057621,1628756057623,{POST}/api/v1/travelservice/trips/left,Entry,ts-travel-service,1c048461f33b4ad7b8a773df75e54889.38.16287560576210026.0,1c048461f33b4ad7b8a773df75e54889.38.16287560576210027,ts-travel-service,-1,SpringMVC,True
1628756058749,1628756058750,{POST}/api/v1/travelservice/trips/left,Entry,ts-travel-service,1c048461f33b4ad7b8a773df75e54889.39.16287560587490042.0,1c048461f33b4ad7b8a773df75e54889.39.16287560587490043,ts-travel-service,-1,SpringMVC,True
1628756060530,1628756060532,{POST}/api/v1/travelservice/trips/left,Entry,ts-travel-service,1c048461f33b4ad7b8a773df75e54889.45.16287560605300060.0,1c048461f33b4ad7b8a773df75e54889.45.16287560605300061,ts-travel-service,-1,SpringMVC,True
1628756056417,1628756056420,{POST}/api/v1/travelservice/trips/left,Entry,ts-travel-service,1c048461f33b4ad7b8a773df75e54889.45.16287560564170020.0,1c048461f33b4ad7b8a773df75e54889.45.16287560564170021,ts-travel-service,-1,SpringMVC,True
1628756059127,1628756059129,{POST}/api/v1/travelservice/trips/left,Entry,ts-travel-service,1c048461f33b4ad7b8a773df75e54889.42.16287560591270044.0,1c048461f33b4ad7b8a773df75e54889.42.16287560591270045,ts-travel-service,-1,SpringMVC,True
1628756055103,1628756055106,{POST}/api/v1/travelservice/trips/left,Entry,ts-travel-service,1c048461f33b4ad7b8a773df75e54889.47.16287560551030014.0,1c048461f33b4ad7b8a773df75e54889.47.16287560551030015,ts-travel-service,-1,SpringMVC,True
1628756060414,1628756060416,{POST}/api/v1/travelservice/trips/left,Entry,ts-travel-service,1c048461f33b4ad7b8a773df75e54889.44.16287560604140058.0,1c048461f33b4ad7b8a773df75e54889.44.16287560604140059,ts-travel-service,-1,SpringMVC,True
1628756060003,1628756060005,{POST}/api/v1/travelservice/trips/left,Entry,ts-travel-service,1c048461f33b4ad7b8a773df75e54889.39.16287560600030054.0,1c048461f33b4ad7b8a773df75e54889.39.16287560600030055,ts-travel-service,-1,SpringMVC,True
1628756056941,1628756056942,{POST}/api/v1/travelservice/trips/left,Entry,ts-travel-service,1c048461f33b4ad7b8a773df75e54889.45.16287560569410022.0,1c048461f33b4ad7b8a773df75e54889.45.16287560569410023,ts-travel-service,-1,SpringMVC,True
1628756052527,1628756052606,{POST}/api/v1/travelservice/trips/left,Entry,ts-travel-service,1c048461f33b4ad7b8a773df75e54889.44.16287560525270004.0,1c048461f33b4ad7b8a773df75e54889.44.16287560525270005,ts-travel-service,-1,SpringMVC,True
1628756054016,1628756054018,{POST}/api/v1/travelservice/trips/left,Entry,ts-travel-service,1c048461f33b4ad7b8a773df75e54889.42.16287560540160010.0,1c048461f33b4ad7b8a773df75e54889.42.16287560540160011,ts-travel-service,-1,SpringMVC,True
1628756059678,1628756059679,{POST}/api/v1/travelservice/trips/left,Entry,ts-travel-service,1c048461f33b4ad7b8a773df75e54889.39.16287560596780050.0,1c048461f33b4ad7b8a773df75e54889.39.16287560596780051,ts-travel-service,-1,SpringMVC,True
1628756058425,1628756058426,{POST}/api/v1/travelservice/trips/left,Entry,ts-travel-service,1c048461f33b4ad7b8a773df75e54889.45.16287560584250038.0,1c048461f33b4ad7b8a773df75e54889.45.16287560584250039,ts-travel-service,-1,SpringMVC,True
1628756058446,1628756058447,{POST}/api/v1/travelservice/trips/left,Entry,ts-travel-service,1c048461f33b4ad7b8a773df75e54889.46.16287560584460038.0,1c048461f33b4ad7b8a773df75e54889.46.16287560584460039,ts-travel-service,-1,SpringMVC,True
1628756058414,1628756058415,{POST}/api/v1/travelservice/trips/left,Entry,ts-travel-service,1c048461f33b4ad7b8a773df75e54889.44.16287560584140038.0,1c048461f33b4ad7b8a773df75e54889.44.16287560584140039,ts-travel-service,-1,SpringMVC,True
1628756057103,1628756057106,{POST}/api/v1/travelservice/trips/left,Entry,ts-travel-service,1c048461f33b4ad7b8a773df75e54889.47.16287560571030022.0,1c048461f33b4ad7b8a773df75e54889.47.16287560571030023,ts-travel-service,-1,SpringMVC,True
1628756060159,1628756060204,{POST}/api/v1/travelservice/trips/left,Entry,ts-travel-service,1c048461f33b4ad7b8a773df75e54889.40.16287560601590056.0,1c048461f33b4ad7b8a773df75e54889.40.16287560601590057,ts-travel-service,-1,SpringMVC,True
1628756059016,1628756059018,{POST}/api/v1/travelservice/trips/left,Entry,ts-travel-service,1c048461f33b4ad7b8a773df75e54889.38.16287560590160040.0,1c048461f33b4ad7b8a773df75e54889.38.16287560590160041,ts-travel-service,-1,SpringMVC,True
1628756057803,1628756057805,{POST}/api/v1/travelservice/trips/left,Entry,ts-travel-service,1c048461f33b4ad7b8a773df75e54889.47.16287560578030030.0,1c048461f33b4ad7b8a773df75e54889.47.16287560578030031,ts-travel-service,-1,SpringMVC,True
1628756051824,1628756051827,{POST}/api/v1/travelservice/trips/left,Entry,ts-travel-service,1c048461f33b4ad7b8a773df75e54889.40.16287560518240002.0,1c048461f33b4ad7b8a773df75e54889.40.16287560518240003,ts-travel-service,-1,SpringMVC,True
1628756058727,1628756058729,{POST}/api/v1/travelservice/trips/left,Entry,ts-travel-service,1c048461f33b4ad7b8a773df75e54889.47.16287560587270040.0,1c048461f33b4ad7b8a773df75e54889.47.16287560587270041,ts-travel-service,-1,SpringMVC,True
1628756058026,1628756058027,{POST}/api/v1/travelservice/trips/left,Entry,ts-travel-service,1c048461f33b4ad7b8a773df75e54889.42.16287560580260034.0,1c048461f33b4ad7b8a773df75e54889.42.16287560580260035,ts-travel-service,-1,SpringMVC,True
1628756057404,1628756057406,{POST}/api/v1/travelservice/trips/left,Entry,ts-travel-service,1c048461f33b4ad7b8a773df75e54889.43.16287560574040026.0,1c048461f33b4ad7b8a773df75e54889.43.16287560574040027,ts-travel-service,-1,SpringMVC,True
1628756060224,1628756060225,{POST}/api/v1/travelservice/trips/left,Entry,ts-travel-service,1c048461f33b4ad7b8a773df75e54889.43.16287560602240056.0,1c048461f33b4ad7b8a773df75e54889.43.16287560602240057,ts-travel-service,-1,SpringMVC,True
1628756052717,1628756052806,{POST}/api/v1/travelservice/trips/left,Entry,ts-travel-service,1c048461f33b4ad7b8a773df75e54889.41.16287560527170004.0,1c048461f33b4ad7b8a773df75e54889.41.16287560527170005,ts-travel-service,-1,SpringMVC,True
1628756055816,1628756055819,{POST}/api/v1/travelservice/trips/left,Entry,ts-travel-service,1c048461f33b4ad7b8a773df75e54889.42.16287560558160018.0,1c048461f33b4ad7b8a773df75e54889.42.16287560558160019,ts-travel-service,-1,SpringMVC,True
1628756057685,1628756057687,{POST}/api/v1/travelservice/trips/left,Entry,ts-travel-service,1c048461f33b4ad7b8a773df75e54889.45.16287560576850030.0,1c048461f33b4ad7b8a773df75e54889.45.16287560576850031,ts-travel-service,-1,SpringMVC,True
1628756059298,1628756059303,{POST}/api/v1/travelservice/trips/left,Entry,ts-travel-service,1c048461f33b4ad7b8a773df75e54889.44.16287560592980046.0,1c048461f33b4ad7b8a773df75e54889.44.16287560592980047,ts-travel-service,-1,SpringMVC,True
1628756053418,1628756053421,{POST}/api/v1/travelservice/trips/left,Entry,ts-travel-service,1c048461f33b4ad7b8a773df75e54889.41.16287560534180006.0,1c048461f33b4ad7b8a773df75e54889.41.16287560534180007,ts-travel-service,-1,SpringMVC,True
1628756058047,1628756058049,{POST}/api/v1/travelservice/trips/left,Entry,ts-travel-service,1c048461f33b4ad7b8a773df75e54889.44.16287560580470034.0,1c048461f33b4ad7b8a773df75e54889.44.16287560580470035,ts-travel-service,-1,SpringMVC,True
1628756059646,1628756059647,{POST}/api/v1/travelservice/trips/left,Entry,ts-travel-service,1c048461f33b4ad7b8a773df75e54889.46.16287560596460048.0,1c048461f33b4ad7b8a773df75e54889.46.16287560596460049,ts-travel-service,-1,SpringMVC,True
1628756059334,1628756059405,{POST}/api/v1/travelservice/trips/left,Entry,ts-travel-service,1c048461f33b4ad7b8a773df75e54889.46.16287560593340046.0,1c048461f33b4ad7b8a773df75e54889.46.16287560593340047,ts-travel-service,-1,SpringMVC,True
1628756055015,1628756055017,{POST}/api/v1/travelservice/trips/left,Entry,ts-travel-service,1c048461f33b4ad7b8a773df75e54889.41.16287560550150014.0,1c048461f33b4ad7b8a773df75e54889.41.16287560550150015,ts-travel-service,-1,SpringMVC,True
1628756057514,1628756057515,{POST}/api/v1/travelservice/trips/left,Entry,ts-travel-service,1c048461f33b4ad7b8a773df75e54889.38.16287560575140024.0,1c048461f33b4ad7b8a773df75e54889.38.16287560575140025,ts-travel-service,-1,SpringMVC,True
1628756056029,1628756056105,{POST}/api/v1/travelservice/trips/left,Entry,ts-travel-service,1c048461f33b4ad7b8a773df75e54889.46.16287560560290018.0,1c048461f33b4ad7b8a773df75e54889.46.16287560560290019,ts-travel-service,-1,SpringMVC,True
1628756053917,1628756053919,{POST}/api/v1/travelservice/trips/left,Entry,ts-travel-service,1c048461f33b4ad7b8a773df75e54889.47.16287560539170008.0,1c048461f33b4ad7b8a773df75e54889.47.16287560539170009,ts-travel-service,-1,SpringMVC,True
1628756058014,1628756058016,{POST}/api/v1/travelservice/trips/left,Entry,ts-travel-service,1c048461f33b4ad7b8a773df75e54889.40.16287560580140034.0,1c048461f33b4ad7b8a773df75e54889.40.16287560580140035,ts-travel-service,-1,SpringMVC,True
1628756058435,1628756058437,{POST}/api/v1/travelservice/trips/left,Entry,ts-travel-service,1c048461f33b4ad7b8a773df75e54889.41.16287560584350038.0,1c048461f33b4ad7b8a773df75e54889.41.16287560584350039,ts-travel-service,-1,SpringMVC,True
1628756055717,1628756055720,{POST}/api/v1/travelservice/trips/left,Entry,ts-travel-service,1c048461f33b4ad7b8a773df75e54889.39.16287560557170018.0,1c048461f33b4ad7b8a773df75e54889.39.16287560557170019,ts-travel-service,-1,SpringMVC,True
1628756053603,1628756053607,{POST}/api/v1/travelservice/trips/left,Entry,ts-travel-service,1c048461f33b4ad7b8a773df75e54889.47.16287560536030006.0,1c048461f33b4ad7b8a773df75e54889.47.16287560536030007,ts-travel-service,-1,SpringMVC,True
1628756057004,1628756057007,{POST}/api/v1/travelservice/trips/left,Entry,ts-travel-service,1c048461f33b4ad7b8a773df75e54889.41.16287560570040022.0,1c048461f33b4ad7b8a773df75e54889.41.16287560570040023,ts-travel-service,-1,SpringMVC,True
1628756060245,1628756060246,{POST}/api/v1/travelservice/trips/left,Entry,ts-travel-service,1c048461f33b4ad7b8a773df75e54889.45.16287560602450056.0,1c048461f33b4ad7b8a773df75e54889.45.16287560602450057,ts-travel-service,-1,SpringMVC,True
1628756060488,1628756060489,{POST}/api/v1/travelservice/trips/left,Entry,ts-travel-service,1c048461f33b4ad7b8a773df75e54889.40.16287560604880060.0,1c048461f33b4ad7b8a773df75e54889.40.16287560604880061,ts-travel-service,-1,SpringMVC,True
1628756057127,1628756057129,{POST}/api/v1/travelservice/trips/left,Entry,ts-travel-service,1c048461f33b4ad7b8a773df75e54889.39.16287560571270024.0,1c048461f33b4ad7b8a773df75e54889.39.16287560571270025,ts-travel-service,-1,SpringMVC,True
1628756059937,1628756059939,{POST}/api/v1/travelservice/trips/left,Entry,ts-travel-service,1c048461f33b4ad7b8a773df75e54889.47.16287560599370052.0,1c048461f33b4ad7b8a773df75e54889.47.16287560599370053,ts-travel-service,-1,SpringMVC,True
1628756060259,1628756060260,{POST}/api/v1/travelservice/trips/left,Entry,ts-travel-service,1c048461f33b4ad7b8a773df75e54889.41.16287560602590056.0,1c048461f33b4ad7b8a773df75e54889.41.16287560602590057,ts-travel-service,-1,SpringMVC,True
1628756060037,1628756060038,{POST}/api/v1/travelservice/trips/left,Entry,ts-travel-service,1c048461f33b4ad7b8a773df75e54889.43.16287560600370054.0,1c048461f33b4ad7b8a773df75e54889.43.16287560600370055,ts-travel-service,-1,SpringMVC,True
1628756051850,1628756051852,{POST}/api/v1/travelservice/trips/left,Entry,ts-travel-service,1c048461f33b4ad7b8a773df75e54889.43.16287560518500002.0,1c048461f33b4ad7b8a773df75e54889.43.16287560518500003,ts-travel-service,-1,SpringMVC,True
1628756054616,1628756054618,{POST}/api/v1/travelservice/trips/left,Entry,ts-travel-service,1c048461f33b4ad7b8a773df75e54889.46.16287560546160012.0,1c048461f33b4ad7b8a773df75e54889.46.16287560546160013,ts-travel-service,-1,SpringMVC,True
1628756055518,1628756055520,{POST}/api/v1/travelservice/trips/left,Entry,ts-travel-service,1c048461f33b4ad7b8a773df75e54889.41.16287560555180016.0,1c048461f33b4ad7b8a773df75e54889.41.16287560555180017,ts-travel-service,-1,SpringMVC,True
1628756059323,1628756059324,{POST}/api/v1/travelservice/trips/left,Entry,ts-travel-service,1c048461f33b4ad7b8a773df75e54889.41.16287560593230046.0,1c048461f33b4ad7b8a773df75e54889.41.16287560593230047,ts-travel-service,-1,SpringMVC,True
1628756051837,1628756051840,{POST}/api/v1/travelservice/trips/left,Entry,ts-travel-service,1c048461f33b4ad7b8a773df75e54889.42.16287560518370002.0,1c048461f33b4ad7b8a773df75e54889.42.16287560518370003,ts-travel-service,-1,SpringMVC,True
1628756054040,1628756054042,{POST}/api/v1/travelservice/trips/left,Entry,ts-travel-service,1c048461f33b4ad7b8a773df75e54889.44.16287560540400010.0,1c048461f33b4ad7b8a773df75e54889.44.16287560540400011,ts-travel-service,-1,SpringMVC,True
1628756056929,1628756056931,{POST}/api/v1/travelservice/trips/left,Entry,ts-travel-service,1c048461f33b4ad7b8a773df75e54889.44.16287560569290022.0,1c048461f33b4ad7b8a773df75e54889.44.16287560569290023,ts-travel-service,-1,SpringMVC,True
1628756057150,1628756057151,{POST}/api/v1/travelservice/trips/left,Entry,ts-travel-service,1c048461f33b4ad7b8a773df75e54889.42.16287560571490024.0,1c048461f33b4ad7b8a773df75e54889.42.16287560571490025,ts-travel-service,-1,SpringMVC,True
1628756058803,1628756058805,{POST}/api/v1/travelservice/trips/left,Entry,ts-travel-service,1c048461f33b4ad7b8a773df75e54889.43.16287560588030042.0,1c048461f33b4ad7b8a773df75e54889.43.16287560588030043,ts-travel-service,-1,SpringMVC,True
1628756054029,1628756054031,{POST}/api/v1/travelservice/trips/left,Entry,ts-travel-service,1c048461f33b4ad7b8a773df75e54889.43.16287560540290010.0,1c048461f33b4ad7b8a773df75e54889.43.16287560540290011,ts-travel-service,-1,SpringMVC,True
1628756055027,1628756055029,{POST}/api/v1/travelservice/trips/left,Entry,ts-travel-service,1c048461f33b4ad7b8a773df75e54889.46.16287560550270014.0,1c048461f33b4ad7b8a773df75e54889.46.16287560550270015,ts-travel-service,-1,SpringMVC,True
1628756060126,1628756060127,{POST}/api/v1/travelservice/trips/left,Entry,ts-travel-service,1c048461f33b4ad7b8a773df75e54889.47.16287560601260054.0,1c048461f33b4ad7b8a773df75e54889.47.16287560601260055,ts-travel-service,-1,SpringMVC,True
1628756060058,1628756060059,{POST}/api/v1/travelservice/trips/left,Entry,ts-travel-service,1c048461f33b4ad7b8a773df75e54889.45.16287560600580054.0,1c048461f33b4ad7b8a773df75e54889.45.16287560600580055,ts-travel-service,-1,SpringMVC,True
1628756060148,1628756060149,{POST}/api/v1/travelservice/trips/left,Entry,ts-travel-service,1c048461f33b4ad7b8a773df75e54889.39.16287560601480056.0,1c048461f33b4ad7b8a773df75e54889.39.16287560601480057,ts-travel-service,-1,SpringMVC,True
1628756060335,1628756060403,{POST}/api/v1/travelservice/trips/left,Entry,ts-travel-service,1c048461f33b4ad7b8a773df75e54889.43.16287560603350058.0,1c048461f33b4ad7b8a773df75e54889.43.16287560603350059,ts-travel-service,-1,SpringMVC,True
1628756057416,1628756057417,{POST}/api/v1/travelservice/trips/left,Entry,ts-travel-service,1c048461f33b4ad7b8a773df75e54889.44.16287560574160026.0,1c048461f33b4ad7b8a773df75e54889.44.16287560574160027,ts-travel-service,-1,SpringMVC,True
1628756056522,1628756056604,{POST}/api/v1/travelservice/trips/left,Entry,ts-travel-service,1c048461f33b4ad7b8a773df75e54889.46.16287560565220020.0,1c048461f33b4ad7b8a773df75e54889.46.16287560565220021,ts-travel-service,-1,SpringMVC,True
1628756052617,1628756052706,{POST}/api/v1/travelservice/trips/left,Entry,ts-travel-service,1c048461f33b4ad7b8a773df75e54889.45.16287560526170004.0,1c048461f33b4ad7b8a773df75e54889.45.16287560526170005,ts-travel-service,-1,SpringMVC,True
1628756057138,1628756057140,{POST}/api/v1/travelservice/trips/left,Entry,ts-travel-service,1c048461f33b4ad7b8a773df75e54889.40.16287560571380024.0,1c048461f33b4ad7b8a773df75e54889.40.16287560571380025,ts-travel-service,-1,SpringMVC,True
1628756059689,1628756059690,{POST}/api/v1/travelservice/trips/left,Entry,ts-travel-service,1c048461f33b4ad7b8a773df75e54889.40.16287560596890050.0,1c048461f33b4ad7b8a773df75e54889.40.16287560596890051,ts-travel-service,-1,SpringMVC,True
1628756057427,1628756057428,{POST}/api/v1/travelservice/trips/left,Entry,ts-travel-service,1c048461f33b4ad7b8a773df75e54889.45.16287560574270026.0,1c048461f33b4ad7b8a773df75e54889.45.16287560574270027,ts-travel-service,-1,SpringMVC,True
1628756057589,1628756057590,{POST}/api/v1/travelservice/trips/left,Entry,ts-travel-service,1c048461f33b4ad7b8a773df75e54889.41.16287560575890028.0,1c048461f33b4ad7b8a773df75e54889.41.16287560575890029,ts-travel-service,-1,SpringMVC,True
1628756055803,1628756055806,{POST}/api/v1/travelservice/trips/left,Entry,ts-travel-service,1c048461f33b4ad7b8a773df75e54889.40.16287560558030018.0,1c048461f33b4ad7b8a773df75e54889.40.16287560558030019,ts-travel-service,-1,SpringMVC,True
1628756057927,1628756057929,{POST}/api/v1/travelservice/trips/left,Entry,ts-travel-service,1c048461f33b4ad7b8a773df75e54889.43.16287560579270032.0,1c048461f33b4ad7b8a773df75e54889.43.16287560579270033,ts-travel-service,-1,SpringMVC,True
1628756059277,1628756059278,{POST}/api/v1/travelservice/trips/left,Entry,ts-travel-service,1c048461f33b4ad7b8a773df75e54889.42.16287560592770046.0,1c048461f33b4ad7b8a773df75e54889.42.16287560592770047,ts-travel-service,-1,SpringMVC,True
1628756054803,1628756054806,{POST}/api/v1/travelservice/trips/left,Entry,ts-travel-service,1c048461f33b4ad7b8a773df75e54889.42.16287560548030014.0,1c048461f33b4ad7b8a773df75e54889.42.16287560548030015,ts-travel-service,-1,SpringMVC,True
1628756055617,1628756055619,{POST}/api/v1/travelservice/trips/left,Entry,ts-travel-service,1c048461f33b4ad7b8a773df75e54889.47.16287560556170016.0,1c048461f33b4ad7b8a773df75e54889.47.16287560556170017,ts-travel-service,-1,SpringMVC,True
1628756059003,1628756059006,{POST}/api/v1/travelservice/trips/left,Entry,ts-travel-service,1c048461f33b4ad7b8a773df75e54889.47.16287560590030042.0,1c048461f33b4ad7b8a773df75e54889.47.16287560590030043,ts-travel-service,-1,SpringMVC,True
1628756053826,1628756053829,{POST}/api/v1/travelservice/trips/left,Entry,ts-travel-service,1c048461f33b4ad7b8a773df75e54889.45.16287560538260008.0,1c048461f33b4ad7b8a773df75e54889.45.16287560538260009,ts-travel-service,-1,SpringMVC,True
1628756053839,1628756053841,{POST}/api/v1/travelservice/trips/left,Entry,ts-travel-service,1c048461f33b4ad7b8a773df75e54889.41.16287560538390008.0,1c048461f33b4ad7b8a773df75e54889.41.16287560538390009,ts-travel-service,-1,SpringMVC,True
1628756057714,1628756057716,{POST}/api/v1/travelservice/trips/left,Entry,ts-travel-service,1c048461f33b4ad7b8a773df75e54889.46.16287560577140030.0,1c048461f33b4ad7b8a773df75e54889.46.16287560577140031,ts-travel-service,-1,SpringMVC,True
1628756054317,1628756054320,{POST}/api/v1/travelservice/trips/left,Entry,ts-travel-service,1c048461f33b4ad7b8a773df75e54889.38.16287560543170008.0,1c048461f33b4ad7b8a773df75e54889.38.16287560543170009,ts-travel-service,-1,SpringMVC,True
1628756056327,1628756056406,{POST}/api/v1/travelservice/trips/left,Entry,ts-travel-service,1c048461f33b4ad7b8a773df75e54889.44.16287560563270020.0,1c048461f33b4ad7b8a773df75e54889.44.16287560563270021,ts-travel-service,-1,SpringMVC,True
1628756052918,1628756052921,{POST}/api/v1/travelservice/trips/left,Entry,ts-travel-service,1c048461f33b4ad7b8a773df75e54889.47.16287560529180004.0,1c048461f33b4ad7b8a773df75e54889.47.16287560529180005,ts-travel-service,-1,SpringMVC,True
1628756059312,1628756059314,{POST}/api/v1/travelservice/trips/left,Entry,ts-travel-service,1c048461f33b4ad7b8a773df75e54889.45.16287560593120046.0,1c048461f33b4ad7b8a773df75e54889.45.16287560593120047,ts-travel-service,-1,SpringMVC,True
1628756059769,1628756059804,{POST}/api/v1/travelservice/trips/left,Entry,ts-travel-service,1c048461f33b4ad7b8a773df75e54889.46.16287560597690050.0,1c048461f33b4ad7b8a773df75e54889.46.16287560597690051,ts-travel-service,-1,SpringMVC,True
1628756059847,1628756059849,{POST}/api/v1/travelservice/trips/left,Entry,ts-travel-service,1c048461f33b4ad7b8a773df75e54889.40.16287560598470052.0,1c048461f33b4ad7b8a773df75e54889.40.16287560598470053,ts-travel-service,-1,SpringMVC,True
1628756053941,1628756053943,{POST}/api/v1/travelservice/trips/left,Entry,ts-travel-service,1c048461f33b4ad7b8a773df75e54889.39.16287560539410010.0,1c048461f33b4ad7b8a773df75e54889.39.16287560539410011,ts-travel-service,-1,SpringMVC,True
1628756060467,1628756060468,{POST}/api/v1/travelservice/trips/left,Entry,ts-travel-service,1c048461f33b4ad7b8a773df75e54889.38.16287560604670056.0,1c048461f33b4ad7b8a773df75e54889.38.16287560604670057,ts-travel-service,-1,SpringMVC,True
1628756059667,1628756059668,{POST}/api/v1/travelservice/trips/left,Entry,ts-travel-service,1c048461f33b4ad7b8a773df75e54889.38.16287560596670046.0,1c048461f33b4ad7b8a773df75e54889.38.16287560596670047,ts-travel-service,-1,SpringMVC,True
1628756058392,1628756058393,{POST}/api/v1/travelservice/trips/left,Entry,ts-travel-service,1c048461f33b4ad7b8a773df75e54889.42.16287560583920038.0,1c048461f33b4ad7b8a773df75e54889.42.16287560583920039,ts-travel-service,-1,SpringMVC,True
1628756056508,1628756056511,{POST}/api/v1/travelservice/trips/left,Entry,ts-travel-service,1c048461f33b4ad7b8a773df75e54889.41.16287560565080020.0,1c048461f33b4ad7b8a773df75e54889.41.16287560565080021,ts-travel-service,-1,SpringMVC,True
1628756054529,1628756054531,{POST}/api/v1/travelservice/trips/left,Entry,ts-travel-service,1c048461f33b4ad7b8a773df75e54889.44.16287560545290012.0,1c048461f33b4ad7b8a773df75e54889.44.16287560545290013,ts-travel-service,-1,SpringMVC,True
1628756058069,1628756058103,{POST}/api/v1/travelservice/trips/left,Entry,ts-travel-service,1c048461f33b4ad7b8a773df75e54889.41.16287560580690034.0,1c048461f33b4ad7b8a773df75e54889.41.16287560580690035,ts-travel-service,-1,SpringMVC,True
1628756052019,1628756052105,{POST}/api/v1/travelservice/trips/left,Entry,ts-travel-service,1c048461f33b4ad7b8a773df75e54889.41.16287560520180002.0,1c048461f33b4ad7b8a773df75e54889.41.16287560520180003,ts-travel-service,-1,SpringMVC,True
1628756058468,1628756058504,{POST}/api/v1/travelservice/trips/left,Entry,ts-travel-service,1c048461f33b4ad7b8a773df75e54889.38.16287560584680036.0,1c048461f33b4ad7b8a773df75e54889.38.16287560584680037,ts-travel-service,-1,SpringMVC,True
1628756052214,1628756052218,{POST}/api/v1/travelservice/trips/left,Entry,ts-travel-service,1c048461f33b4ad7b8a773df75e54889.47.16287560522140002.0,1c048461f33b4ad7b8a773df75e54889.47.16287560522140003,ts-travel-service,-1,SpringMVC,True
1628756054416,1628756054419,{POST}/api/v1/travelservice/trips/left,Entry,ts-travel-service,1c048461f33b4ad7b8a773df75e54889.40.16287560544160012.0,1c048461f33b4ad7b8a773df75e54889.40.16287560544160013,ts-travel-service,-1,SpringMVC,True
1628756056127,1628756056130,{POST}/api/v1/travelservice/trips/left,Entry,ts-travel-service,1c048461f33b4ad7b8a773df75e54889.38.16287560561270016.0,1c048461f33b4ad7b8a773df75e54889.38.16287560561270017,ts-travel-service,-1,SpringMVC,True
1628756058113,1628756058115,{POST}/api/v1/travelservice/trips/left,Entry,ts-travel-service,1c048461f33b4ad7b8a773df75e54889.46.16287560581130034.0,1c048461f33b4ad7b8a773df75e54889.46.16287560581130035,ts-travel-service,-1,SpringMVC,True
1628756053617,1628756053620,{POST}/api/v1/travelservice/trips/left,Entry,ts-travel-service,1c048461f33b4ad7b8a773df75e54889.38.16287560536170004.0,1c048461f33b4ad7b8a773df75e54889.38.16287560536170005,ts-travel-service,-1,SpringMVC,True
1628756057161,1628756057163,{POST}/api/v1/travelservice/trips/left,Entry,ts-travel-service,1c048461f33b4ad7b8a773df75e54889.43.16287560571610024.0,1c048461f33b4ad7b8a773df75e54889.43.16287560571610025,ts-travel-service,-1,SpringMVC,True
1628756054603,1628756054605,{POST}/api/v1/travelservice/trips/left,Entry,ts-travel-service,1c048461f33b4ad7b8a773df75e54889.41.16287560546030012.0,1c048461f33b4ad7b8a773df75e54889.41.16287560546030013,ts-travel-service,-1,SpringMVC,True
1628756054203,1628756054207,{POST}/api/v1/travelservice/trips/left,Entry,ts-travel-service,1c048461f33b4ad7b8a773df75e54889.46.16287560542030010.0,1c048461f33b4ad7b8a773df75e54889.46.16287560542030011,ts-travel-service,-1,SpringMVC,True
1628756058403,1628756058405,{POST}/api/v1/travelservice/trips/left,Entry,ts-travel-service,1c048461f33b4ad7b8a773df75e54889.43.16287560584030038.0,1c048461f33b4ad7b8a773df75e54889.43.16287560584030039,ts-travel-service,-1,SpringMVC,True
1628756059926,1628756059928,{POST}/api/v1/travelservice/trips/left,Entry,ts-travel-service,1c048461f33b4ad7b8a773df75e54889.46.16287560599260052.0,1c048461f33b4ad7b8a773df75e54889.46.16287560599260053,ts-travel-service,-1,SpringMVC,True
1628756057525,1628756057526,{POST}/api/v1/travelservice/trips/left,Entry,ts-travel-service,1c048461f33b4ad7b8a773df75e54889.39.16287560575250028.0,1c048461f33b4ad7b8a773df75e54889.39.16287560575250029,ts-travel-service,-1,SpringMVC,True
1628756054650,1628756054703,{POST}/api/v1/travelservice/trips/left,Entry,ts-travel-service,1c048461f33b4ad7b8a773df75e54889.39.16287560546500014.0,1c048461f33b4ad7b8a773df75e54889.39.16287560546500015,ts-travel-service,-1,SpringMVC,True
1628756054541,1628756054542,{POST}/api/v1/travelservice/trips/left,Entry,ts-travel-service,1c048461f33b4ad7b8a773df75e54889.45.16287560545410012.0,1c048461f33b4ad7b8a773df75e54889.45.16287560545410013,ts-travel-service,-1,SpringMVC,True
1628756058514,1628756058515,{POST}/api/v1/travelservice/trips/left,Entry,ts-travel-service,1c048461f33b4ad7b8a773df75e54889.39.16287560585140040.0,1c048461f33b4ad7b8a773df75e54889.39.16287560585140041,ts-travel-service,-1,SpringMVC,True
1628756054516,1628756054518,{POST}/api/v1/travelservice/trips/left,Entry,ts-travel-service,1c048461f33b4ad7b8a773df75e54889.43.16287560545160012.0,1c048461f33b4ad7b8a773df75e54889.43.16287560545160013,ts-travel-service,-1,SpringMVC,True
1628756054003,1628756054006,{POST}/api/v1/travelservice/trips/left,Entry,ts-travel-service,1c048461f33b4ad7b8a773df75e54889.40.16287560540030010.0,1c048461f33b4ad7b8a773df75e54889.40.16287560540030011,ts-travel-service,-1,SpringMVC,True
1628756058525,1628756058527,{POST}/api/v1/travelservice/trips/left,Entry,ts-travel-service,1c048461f33b4ad7b8a773df75e54889.40.16287560585250040.0,1c048461f33b4ad7b8a773df75e54889.40.16287560585250041,ts-travel-service,-1,SpringMVC,True
1628756059858,1628756059860,{POST}/api/v1/travelservice/trips/left,Entry,ts-travel-service,1c048461f33b4ad7b8a773df75e54889.42.16287560598580052.0,1c048461f33b4ad7b8a773df75e54889.42.16287560598580053,ts-travel-service,-1,SpringMVC,True
1628756057315,1628756057317,{POST}/api/v1/travelservice/trips/left,Entry,ts-travel-service,1c048461f33b4ad7b8a773df75e54889.38.16287560573150022.0,1c048461f33b4ad7b8a773df75e54889.38.16287560573150023,ts-travel-service,-1,SpringMVC,True
1628756057815,1628756057817,{POST}/api/v1/travelservice/trips/left,Entry,ts-travel-service,1c048461f33b4ad7b8a773df75e54889.38.16287560578150028.0,1c048461f33b4ad7b8a773df75e54889.38.16287560578150029,ts-travel-service,-1,SpringMVC,True
1628756054627,1628756054629,{POST}/api/v1/travelservice/trips/left,Entry,ts-travel-service,1c048461f33b4ad7b8a773df75e54889.47.16287560546270012.0,1c048461f33b4ad7b8a773df75e54889.47.16287560546270013,ts-travel-service,-1,SpringMVC,True
1628756060048,1628756060049,{POST}/api/v1/travelservice/trips/left,Entry,ts-travel-service,1c048461f33b4ad7b8a773df75e54889.44.16287560600480054.0,1c048461f33b4ad7b8a773df75e54889.44.16287560600480055,ts-travel-service,-1,SpringMVC,True
1628756059160,1628756059203,{POST}/api/v1/travelservice/trips/left,Entry,ts-travel-service,1c048461f33b4ad7b8a773df75e54889.45.16287560591600044.0,1c048461f33b4ad7b8a773df75e54889.45.16287560591600045,ts-travel-service,-1,SpringMVC,True
1628756059625,1628756059626,{POST}/api/v1/travelservice/trips/left,Entry,ts-travel-service,1c048461f33b4ad7b8a773df75e54889.45.16287560596250048.0,1c048461f33b4ad7b8a773df75e54889.45.16287560596250049,ts-travel-service,-1,SpringMVC,True
1628756058716,1628756058717,{POST}/api/v1/travelservice/trips/left,Entry,ts-travel-service,1c048461f33b4ad7b8a773df75e54889.46.16287560587160040.0,1c048461f33b4ad7b8a773df75e54889.46.16287560587160041,ts-travel-service,-1,SpringMVC,True
1628756060498,1628756060499,{POST}/api/v1/travelservice/trips/left,Entry,ts-travel-service,1c048461f33b4ad7b8a773df75e54889.42.16287560604980060.0,1c048461f33b4ad7b8a773df75e54889.42.16287560604980061,ts-travel-service,-1,SpringMVC,True
1628756059869,1628756059871,{POST}/api/v1/travelservice/trips/left,Entry,ts-travel-service,1c048461f33b4ad7b8a773df75e54889.43.16287560598690052.0,1c048461f33b4ad7b8a773df75e54889.43.16287560598690053,ts-travel-service,-1,SpringMVC,True
1628756053703,1628756053706,{POST}/api/v1/travelservice/trips/left,Entry,ts-travel-service,1c048461f33b4ad7b8a773df75e54889.39.16287560537030008.0,1c048461f33b4ad7b8a773df75e54889.39.16287560537030009,ts-travel-service,-1,SpringMVC,True
1628756060016,1628756060017,{POST}/api/v1/travelservice/trips/left,Entry,ts-travel-service,1c048461f33b4ad7b8a773df75e54889.40.16287560600160054.0,1c048461f33b4ad7b8a773df75e54889.40.16287560600160055,ts-travel-service,-1,SpringMVC,True
1628756059235,1628756059236,{POST}/api/v1/travelservice/trips/left,Entry,ts-travel-service,1c048461f33b4ad7b8a773df75e54889.47.16287560592350044.0,1c048461f33b4ad7b8a773df75e54889.47.16287560592350045,ts-travel-service,-1,SpringMVC,True
1628756057349,1628756057350,{POST}/api/v1/travelservice/trips/left,Entry,ts-travel-service,1c048461f33b4ad7b8a773df75e54889.42.16287560573490026.0,1c048461f33b4ad7b8a773df75e54889.42.16287560573490027,ts-travel-service,-1,SpringMVC,True
1628756059713,1628756059715,{POST}/api/v1/travelservice/trips/left,Entry,ts-travel-service,1c048461f33b4ad7b8a773df75e54889.42.16287560597130050.0,1c048461f33b4ad7b8a773df75e54889.42.16287560597130051,ts-travel-service,-1,SpringMVC,True
1628756052304,1628756052307,{POST}/api/v1/travelservice/trips/left,Entry,ts-travel-service,1c048461f33b4ad7b8a773df75e54889.38.16287560523030000.0,1c048461f33b4ad7b8a773df75e54889.38.16287560523030001,ts-travel-service,-1,SpringMVC,True
1628756058703,1628756058706,{POST}/api/v1/travelservice/trips/left,Entry,ts-travel-service,1c048461f33b4ad7b8a773df75e54889.41.16287560587030040.0,1c048461f33b4ad7b8a773df75e54889.41.16287560587030041,ts-travel-service,-1,SpringMVC,True
1628756057949,1628756057950,{POST}/api/v1/travelservice/trips/left,Entry,ts-travel-service,1c048461f33b4ad7b8a773df75e54889.45.16287560579490032.0,1c048461f33b4ad7b8a773df75e54889.45.16287560579490033,ts-travel-service,-1,SpringMVC,True
1628756058135,1628756058136,{POST}/api/v1/travelservice/trips/left,Entry,ts-travel-service,1c048461f33b4ad7b8a773df75e54889.38.16287560581350032.0,1c048461f33b4ad7b8a773df75e54889.38.16287560581350033,ts-travel-service,-1,SpringMVC,True
1628756052903,1628756052907,{POST}/api/v1/travelservice/trips/left,Entry,ts-travel-service,1c048461f33b4ad7b8a773df75e54889.46.16287560529030004.0,1c048461f33b4ad7b8a773df75e54889.46.16287560529030005,ts-travel-service,-1,SpringMVC,True
1628756051810,1628756051814,{POST}/api/v1/travelservice/trips/left,Entry,ts-travel-service,1c048461f33b4ad7b8a773df75e54889.39.16287560518100002.0,1c048461f33b4ad7b8a773df75e54889.39.16287560518100003,ts-travel-service,-1,SpringMVC,True
1628756057460,1628756057503,{POST}/api/v1/travelservice/trips/left,Entry,ts-travel-service,1c048461f33b4ad7b8a773df75e54889.47.16287560574600026.0,1c048461f33b4ad7b8a773df75e54889.47.16287560574600027,ts-travel-service,-1,SpringMVC,True
1628756057959,1628756057961,{POST}/api/v1/travelservice/trips/left,Entry,ts-travel-service,1c048461f33b4ad7b8a773df75e54889.41.16287560579590032.0,1c048461f33b4ad7b8a773df75e54889.41.16287560579590033,ts-travel-service,-1,SpringMVC,True
1628756056903,1628756056906,{POST}/api/v1/travelservice/trips/left,Entry,ts-travel-service,1c048461f33b4ad7b8a773df75e54889.42.16287560569030022.0,1c048461f33b4ad7b8a773df75e54889.42.16287560569030023,ts-travel-service,-1,SpringMVC,True
1628756053017,1628756053105,{POST}/api/v1/travelservice/trips/left,Entry,ts-travel-service,1c048461f33b4ad7b8a773df75e54889.39.16287560530170006.0,1c048461f33b4ad7b8a773df75e54889.39.16287560530170007,ts-travel-service,-1,SpringMVC,True
1628756059635,1628756059637,{POST}/api/v1/travelservice/trips/left,Entry,ts-travel-service,1c048461f33b4ad7b8a773df75e54889.41.16287560596350048.0,1c048461f33b4ad7b8a773df75e54889.41.16287560596350049,ts-travel-service,-1,SpringMVC,True
1628756060603,1628756060605,{POST}/api/v1/travelservice/trips/left,Entry,ts-travel-service,1c048461f33b4ad7b8a773df75e54889.41.16287560606030060.0,1c048461f33b4ad7b8a773df75e54889.41.16287560606030061,ts-travel-service,-1,SpringMVC,True
1628756059527,1628756059528,{POST}/api/v1/travelservice/trips/left,Entry,ts-travel-service,1c048461f33b4ad7b8a773df75e54889.40.16287560595270048.0,1c048461f33b4ad7b8a773df75e54889.40.16287560595270049,ts-travel-service,-1,SpringMVC,True
1628756059814,1628756059816,{POST}/api/v1/travelservice/trips/left,Entry,ts-travel-service,1c048461f33b4ad7b8a773df75e54889.47.16287560598140050.0,1c048461f33b4ad7b8a773df75e54889.47.16287560598140051,ts-travel-service,-1,SpringMVC,True
1628756052514,1628756052517,{POST}/api/v1/travelservice/trips/left,Entry,ts-travel-service,1c048461f33b4ad7b8a773df75e54889.43.16287560525140004.0,1c048461f33b4ad7b8a773df75e54889.43.16287560525140005,ts-travel-service,-1,SpringMVC,True
1628756056615,1628756056618,{POST}/api/v1/travelservice/trips/left,Entry,ts-travel-service,1c048461f33b4ad7b8a773df75e54889.47.16287560566150020.0,1c048461f33b4ad7b8a773df75e54889.47.16287560566150021,ts-travel-service,-1,SpringMVC,True
1628756059116,1628756059118,{POST}/api/v1/travelservice/trips/left,Entry,ts-travel-service,1c048461f33b4ad7b8a773df75e54889.40.16287560591160044.0,1c048461f33b4ad7b8a773df75e54889.40.16287560591160045,ts-travel-service,-1,SpringMVC,True
1628756060457,1628756060458,{POST}/api/v1/travelservice/trips/left,Entry,ts-travel-service,1c048461f33b4ad7b8a773df75e54889.47.16287560604570058.0,1c048461f33b4ad7b8a773df75e54889.47.16287560604570059,ts-travel-service,-1,SpringMVC,True
1628756059537,1628756059539,{POST}/api/v1/travelservice/trips/left,Entry,ts-travel-service,1c048461f33b4ad7b8a773df75e54889.42.16287560595370048.0,1c048461f33b4ad7b8a773df75e54889.42.16287560595370049,ts-travel-service,-1,SpringMVC,True
1628756056115,1628756056118,{POST}/api/v1/travelservice/trips/left,Entry,ts-travel-service,1c048461f33b4ad7b8a773df75e54889.47.16287560561150018.0,1c048461f33b4ad7b8a773df75e54889.47.16287560561150019,ts-travel-service,-1,SpringMVC,True
1628756054403,1628756054406,{POST}/api/v1/travelservice/trips/left,Entry,ts-travel-service,1c048461f33b4ad7b8a773df75e54889.39.16287560544030012.0,1c048461f33b4ad7b8a773df75e54889.39.16287560544030013,ts-travel-service,-1,SpringMVC,True
1628756057203,1628756057205,{POST}/api/v1/travelservice/trips/left,Entry,ts-travel-service,1c048461f33b4ad7b8a773df75e54889.45.16287560572030024.0,1c048461f33b4ad7b8a773df75e54889.45.16287560572030025,ts-travel-service,-1,SpringMVC,True
1628756059747,1628756059748,{POST}/api/v1/travelservice/trips/left,Entry,ts-travel-service,1c048461f33b4ad7b8a773df75e54889.45.16287560597470050.0,1c048461f33b4ad7b8a773df75e54889.45.16287560597470051,ts-travel-service,-1,SpringMVC,True
1628756053116,1628756053119,{POST}/api/v1/travelservice/trips/left,Entry,ts-travel-service,1c048461f33b4ad7b8a773df75e54889.40.16287560531160006.0,1c048461f33b4ad7b8a773df75e54889.40.16287560531160007,ts-travel-service,-1,SpringMVC,True
1628756056230,1628756056304,{POST}/api/v1/travelservice/trips/left,Entry,ts-travel-service,1c048461f33b4ad7b8a773df75e54889.42.16287560562300020.0,1c048461f33b4ad7b8a773df75e54889.42.16287560562300021,ts-travel-service,-1,SpringMVC,True
1628756059103,1628756059106,{POST}/api/v1/travelservice/trips/left,Entry,ts-travel-service,1c048461f33b4ad7b8a773df75e54889.39.16287560591030044.0,1c048461f33b4ad7b8a773df75e54889.39.16287560591030045,ts-travel-service,-1,SpringMVC,True
1628756052004,1628756052008,{POST}/api/v1/travelservice/trips/left,Entry,ts-travel-service,1c048461f33b4ad7b8a773df75e54889.45.16287560520040002.0,1c048461f33b4ad7b8a773df75e54889.45.16287560520040003,ts-travel-service,-1,SpringMVC,True
1628756059724,1628756059726,{POST}/api/v1/travelservice/trips/left,Entry,ts-travel-service,1c048461f33b4ad7b8a773df75e54889.43.16287560597240050.0,1c048461f33b4ad7b8a773df75e54889.43.16287560597240051,ts-travel-service,-1,SpringMVC,True
1628756057970,1628756057971,{POST}/api/v1/travelservice/trips/left,Entry,ts-travel-service,1c048461f33b4ad7b8a773df75e54889.46.16287560579700032.0,1c048461f33b4ad7b8a773df75e54889.46.16287560579700033,ts-travel-service,-1,SpringMVC,True
1628756059516,1628756059517,{POST}/api/v1/travelservice/trips/left,Entry,ts-travel-service,1c048461f33b4ad7b8a773df75e54889.39.16287560595160048.0,1c048461f33b4ad7b8a773df75e54889.39.16287560595160049,ts-travel-service,-1,SpringMVC,True
1628756053504,1628756053507,{POST}/api/v1/travelservice/trips/left,Entry,ts-travel-service,1c048461f33b4ad7b8a773df75e54889.46.16287560535040006.0,1c048461f33b4ad7b8a773df75e54889.46.16287560535040007,ts-travel-service,-1,SpringMVC,True
1628756057226,1628756057227,{POST}/api/v1/travelservice/trips/left,Entry,ts-travel-service,1c048461f33b4ad7b8a773df75e54889.46.16287560572260024.0,1c048461f33b4ad7b8a773df75e54889.46.16287560572260025,ts-travel-service,-1,SpringMVC,True
1628756057654,1628756057655,{POST}/api/v1/travelservice/trips/left,Entry,ts-travel-service,1c048461f33b4ad7b8a773df75e54889.42.16287560576540030.0,1c048461f33b4ad7b8a773df75e54889.42.16287560576540031,ts-travel-service,-1,SpringMVC,True
1628756059914,1628756059916,{POST}/api/v1/travelservice/trips/left,Entry,ts-travel-service,1c048461f33b4ad7b8a773df75e54889.41.16287560599140052.0,1c048461f33b4ad7b8a773df75e54889.41.16287560599140053,ts-travel-service,-1,SpringMVC,True
1628756057826,1628756057828,{POST}/api/v1/travelservice/trips/left,Entry,ts-travel-service,1c048461f33b4ad7b8a773df75e54889.39.16287560578260032.0,1c048461f33b4ad7b8a773df75e54889.39.16287560578260033,ts-travel-service,-1,SpringMVC,True
1628756060214,1628756060215,{POST}/api/v1/travelservice/trips/left,Entry,ts-travel-service,1c048461f33b4ad7b8a773df75e54889.42.16287560602140056.0,1c048461f33b4ad7b8a773df75e54889.42.16287560602140057,ts-travel-service,-1,SpringMVC,True
1628756052317,1628756052320,{POST}/api/v1/travelservice/trips/left,Entry,ts-travel-service,1c048461f33b4ad7b8a773df75e54889.39.16287560523170004.0,1c048461f33b4ad7b8a773df75e54889.39.16287560523170005,ts-travel-service,-1,SpringMVC,True
1628756060446,1628756060447,{POST}/api/v1/travelservice/trips/left,Entry,ts-travel-service,1c048461f33b4ad7b8a773df75e54889.46.16287560604460058.0,1c048461f33b4ad7b8a773df75e54889.46.16287560604460059,ts-travel-service,-1,SpringMVC,True
1628756056315,1628756056318,{POST}/api/v1/travelservice/trips/left,Entry,ts-travel-service,1c048461f33b4ad7b8a773df75e54889.43.16287560563150020.0,1c048461f33b4ad7b8a773df75e54889.43.16287560563150021,ts-travel-service,-1,SpringMVC,True
1628756055704,1628756055707,{POST}/api/v1/travelservice/trips/left,Entry,ts-travel-service,1c048461f33b4ad7b8a773df75e54889.38.16287560557040014.0,1c048461f33b4ad7b8a773df75e54889.38.16287560557040015,ts-travel-service,-1,SpringMVC,True
1628756053004,1628756053007,{POST}/api/v1/travelservice/trips/left,Entry,ts-travel-service,1c048461f33b4ad7b8a773df75e54889.38.16287560530040002.0,1c048461f33b4ad7b8a773df75e54889.38.16287560530040003,ts-travel-service,-1,SpringMVC,True
1628756060026,1628756060028,{POST}/api/v1/travelservice/trips/left,Entry,ts-travel-service,1c048461f33b4ad7b8a773df75e54889.42.16287560600260054.0,1c048461f33b4ad7b8a773df75e54889.42.16287560600260055,ts-travel-service,-1,SpringMVC,True
1628756057449,1628756057451,{POST}/api/v1/travelservice/trips/left,Entry,ts-travel-service,1c048461f33b4ad7b8a773df75e54889.46.16287560574490026.0,1c048461f33b4ad7b8a773df75e54889.46.16287560574490027,ts-travel-service,-1,SpringMVC,True
1628756057611,1628756057612,{POST}/api/v1/travelservice/trips/left,Entry,ts-travel-service,1c048461f33b4ad7b8a773df75e54889.47.16287560576110028.0,1c048461f33b4ad7b8a773df75e54889.47.16287560576110029,ts-travel-service,-1,SpringMVC,True
1628756058327,1628756058328,{POST}/api/v1/travelservice/trips/left,Entry,ts-travel-service,1c048461f33b4ad7b8a773df75e54889.41.16287560583270036.0,1c048461f33b4ad7b8a773df75e54889.41.16287560583270037,ts-travel-service,-1,SpringMVC,True
1628756053404,1628756053408,{POST}/api/v1/travelservice/trips/left,Entry,ts-travel-service,1c048461f33b4ad7b8a773df75e54889.45.16287560534040006.0,1c048461f33b4ad7b8a773df75e54889.45.16287560534040007,ts-travel-service,-1,SpringMVC,True
1628756057237,1628756057305,{POST}/api/v1/travelservice/trips/left,Entry,ts-travel-service,1c048461f33b4ad7b8a773df75e54889.47.16287560572370024.0,1c048461f33b4ad7b8a773df75e54889.47.16287560572370025,ts-travel-service,-1,SpringMVC,True
1628756059415,1628756059417,{POST}/api/v1/travelservice/trips/left,Entry,ts-travel-service,1c048461f33b4ad7b8a773df75e54889.47.16287560594150046.0,1c048461f33b4ad7b8a773df75e54889.47.16287560594150047,ts-travel-service,-1,SpringMVC,True
1628756053314,1628756053317,{POST}/api/v1/travelservice/trips/left,Entry,ts-travel-service,1c048461f33b4ad7b8a773df75e54889.44.16287560533140006.0,1c048461f33b4ad7b8a773df75e54889.44.16287560533140007,ts-travel-service,-1,SpringMVC,True
1628756058371,1628756058372,{POST}/api/v1/travelservice/trips/left,Entry,ts-travel-service,1c048461f33b4ad7b8a773df75e54889.39.16287560583710038.0,1c048461f33b4ad7b8a773df75e54889.39.16287560583710039,ts-travel-service,-1,SpringMVC,True
1628756058760,1628756058761,{POST}/api/v1/travelservice/trips/left,Entry,ts-travel-service,1c048461f33b4ad7b8a773df75e54889.40.16287560587600042.0,1c048461f33b4ad7b8a773df75e54889.40.16287560587600043,ts-travel-service,-1,SpringMVC,True
1628756056704,1628756056706,{POST}/api/v1/travelservice/trips/left,Entry,ts-travel-service,1c048461f33b4ad7b8a773df75e54889.38.16287560567040018.0,1c048461f33b4ad7b8a773df75e54889.38.16287560567040019,ts-travel-service,-1,SpringMVC,True
1628756055227,1628756055305,{POST}/api/v1/travelservice/trips/left,Entry,ts-travel-service,1c048461f33b4ad7b8a773df75e54889.42.16287560552270016.0,1c048461f33b4ad7b8a773df75e54889.42.16287560552270017,ts-travel-service,-1,SpringMVC,True
1628756055318,1628756055404,{POST}/api/v1/travelservice/trips/left,Entry,ts-travel-service,1c048461f33b4ad7b8a773df75e54889.43.16287560553180016.0,1c048461f33b4ad7b8a773df75e54889.43.16287560553180017,ts-travel-service,-1,SpringMVC,True
1628756058316,1628756058317,{POST}/api/v1/travelservice/trips/left,Entry,ts-travel-service,1c048461f33b4ad7b8a773df75e54889.45.16287560583160036.0,1c048461f33b4ad7b8a773df75e54889.45.16287560583160037,ts-travel-service,-1,SpringMVC,True
1628756059904,1628756059905,{POST}/api/v1/travelservice/trips/left,Entry,ts-travel-service,1c048461f33b4ad7b8a773df75e54889.45.16287560599040052.0,1c048461f33b4ad7b8a773df75e54889.45.16287560599040053,ts-travel-service,-1,SpringMVC,True
1628756058615,1628756058617,{POST}/api/v1/travelservice/trips/left,Entry,ts-travel-service,1c048461f33b4ad7b8a773df75e54889.43.16287560586150040.0,1c048461f33b4ad7b8a773df75e54889.43.16287560586150041,ts-travel-service,-1,SpringMVC,True
1628756059288,1628756059289,{POST}/api/v1/travelservice/trips/left,Entry,ts-travel-service,1c048461f33b4ad7b8a773df75e54889.43.16287560592880046.0,1c048461f33b4ad7b8a773df75e54889.43.16287560592880047,ts-travel-service,-1,SpringMVC,True
1628756055214,1628756055217,{POST}/api/v1/travelservice/trips/left,Entry,ts-travel-service,1c048461f33b4ad7b8a773df75e54889.40.16287560552140016.0,1c048461f33b4ad7b8a773df75e54889.40.16287560552140017,ts-travel-service,-1,SpringMVC,True
1628756051904,1628756051908,{POST}/api/v1/travelservice/trips/left,Entry,ts-travel-service,1c048461f33b4ad7b8a773df75e54889.44.16287560519040002.0,1c048461f33b4ad7b8a773df75e54889.44.16287560519040003,ts-travel-service,-1,SpringMVC,True
1628756057600,1628756057601,{POST}/api/v1/travelservice/trips/left,Entry,ts-travel-service,1c048461f33b4ad7b8a773df75e54889.46.16287560576000028.0,1c048461f33b4ad7b8a773df75e54889.46.16287560576000029,ts-travel-service,-1,SpringMVC,True
1628756060103,1628756060105,{POST}/api/v1/travelservice/trips/left,Entry,ts-travel-service,1c048461f33b4ad7b8a773df75e54889.41.16287560601030054.0,1c048461f33b4ad7b8a773df75e54889.41.16287560601030055,ts-travel-service,-1,SpringMVC,True
1628756058228,1628756058229,{POST}/api/v1/travelservice/trips/left,Entry,ts-travel-service,1c048461f33b4ad7b8a773df75e54889.43.16287560582280036.0,1c048461f33b4ad7b8a773df75e54889.43.16287560582280037,ts-travel-service,-1,SpringMVC,True
1628756054639,1628756054640,{POST}/api/v1/travelservice/trips/left,Entry,ts-travel-service,1c048461f33b4ad7b8a773df75e54889.38.16287560546390010.0,1c048461f33b4ad7b8a773df75e54889.38.16287560546390011,ts-travel-service,-1,SpringMVC,True
1628756054817,1628756054906,{POST}/api/v1/travelservice/trips/left,Entry,ts-travel-service,1c048461f33b4ad7b8a773df75e54889.43.16287560548170014.0,1c048461f33b4ad7b8a773df75e54889.43.16287560548170015,ts-travel-service,-1,SpringMVC,True
1628756057172,1628756057174,{POST}/api/v1/travelservice/trips/left,Entry,ts-travel-service,1c048461f33b4ad7b8a773df75e54889.44.16287560571720024.0,1c048461f33b4ad7b8a773df75e54889.44.16287560571720025,ts-travel-service,-1,SpringMVC,True
1628756057116,1628756057118,{POST}/api/v1/travelservice/trips/left,Entry,ts-travel-service,1c048461f33b4ad7b8a773df75e54889.38.16287560571160020.0,1c048461f33b4ad7b8a773df75e54889.38.16287560571160021,ts-travel-service,-1,SpringMVC,True
1628756055603,1628756055606,{POST}/api/v1/travelservice/trips/left,Entry,ts-travel-service,1c048461f33b4ad7b8a773df75e54889.46.16287560556030016.0,1c048461f33b4ad7b8a773df75e54889.46.16287560556030017,ts-travel-service,-1,SpringMVC,True
1628756053218,1628756053221,{POST}/api/v1/travelservice/trips/left,Entry,ts-travel-service,1c048461f33b4ad7b8a773df75e54889.43.16287560532180006.0,1c048461f33b4ad7b8a773df75e54889.43.16287560532180007,ts-travel-service,-1,SpringMVC,True
1628756056204,1628756056206,{POST}/api/v1/travelservice/trips/left,Entry,ts-travel-service,1c048461f33b4ad7b8a773df75e54889.39.16287560562040020.0,1c048461f33b4ad7b8a773df75e54889.39.16287560562040021,ts-travel-service,-1,SpringMVC,True
1628756058603,1628756058605,{POST}/api/v1/travelservice/trips/left,Entry,ts-travel-service,1c048461f33b4ad7b8a773df75e54889.42.16287560586030040.0,1c048461f33b4ad7b8a773df75e54889.42.16287560586030041,ts-travel-service,-1,SpringMVC,True
1628756060520,1628756060521,{POST}/api/v1/travelservice/trips/left,Entry,ts-travel-service,1c048461f33b4ad7b8a773df75e54889.44.16287560605200060.0,1c048461f33b4ad7b8a773df75e54889.44.16287560605200061,ts-travel-service,-1,SpringMVC,True
1628756059657,1628756059658,{POST}/api/v1/travelservice/trips/left,Entry,ts-travel-service,1c048461f33b4ad7b8a773df75e54889.47.16287560596560048.0,1c048461f33b4ad7b8a773df75e54889.47.16287560596560049,ts-travel-service,-1,SpringMVC,True
1628756057438,1628756057440,{POST}/api/v1/travelservice/trips/left,Entry,ts-travel-service,1c048461f33b4ad7b8a773df75e54889.41.16287560574380026.0,1c048461f33b4ad7b8a773df75e54889.41.16287560574380027,ts-travel-service,-1,SpringMVC,True
1628756056004,1628756056007,{POST}/api/v1/travelservice/trips/left,Entry,ts-travel-service,1c048461f33b4ad7b8a773df75e54889.45.16287560560040018.0,1c048461f33b4ad7b8a773df75e54889.45.16287560560040019,ts-travel-service,-1,SpringMVC,True
1628756058303,1628756058306,{POST}/api/v1/travelservice/trips/left,Entry,ts-travel-service,1c048461f33b4ad7b8a773df75e54889.44.16287560583030036.0,1c048461f33b4ad7b8a773df75e54889.44.16287560583030037,ts-travel-service,-1,SpringMVC,True
1628756057643,1628756057644,{POST}/api/v1/travelservice/trips/left,Entry,ts-travel-service,1c048461f33b4ad7b8a773df75e54889.40.16287560576430030.0,1c048461f33b4ad7b8a773df75e54889.40.16287560576430031,ts-travel-service,-1,SpringMVC,True
1628756058638,1628756058640,{POST}/api/v1/travelservice/trips/left,Entry,ts-travel-service,1c048461f33b4ad7b8a773df75e54889.45.16287560586380040.0,1c048461f33b4ad7b8a773df75e54889.45.16287560586380041,ts-travel-service,-1,SpringMVC,True
1628756059224,1628756059225,{POST}/api/v1/travelservice/trips/left,Entry,ts-travel-service,1c048461f33b4ad7b8a773df75e54889.46.16287560592240044.0,1c048461f33b4ad7b8a773df75e54889.46.16287560592240045,ts-travel-service,-1,SpringMVC,True
1628756055128,1628756055204,{POST}/api/v1/travelservice/trips/left,Entry,ts-travel-service,1c048461f33b4ad7b8a773df75e54889.39.16287560551280016.0,1c048461f33b4ad7b8a773df75e54889.39.16287560551280017,ts-travel-service,-1,SpringMVC,True
1628756059837,1628756059838,{POST}/api/v1/travelservice/trips/left,Entry,ts-travel-service,1c048461f33b4ad7b8a773df75e54889.39.16287560598370052.0,1c048461f33b4ad7b8a773df75e54889.39.16287560598370053,ts-travel-service,-1,SpringMVC,True
1628756057703,1628756057705,{POST}/api/v1/travelservice/trips/left,Entry,ts-travel-service,1c048461f33b4ad7b8a773df75e54889.41.16287560577030030.0,1c048461f33b4ad7b8a773df75e54889.41.16287560577030031,ts-travel-service,-1,SpringMVC,True
1628756058814,1628756058816,{POST}/api/v1/travelservice/trips/left,Entry,ts-travel-service,1c048461f33b4ad7b8a773df75e54889.44.16287560588140042.0,1c048461f33b4ad7b8a773df75e54889.44.16287560588140043,ts-travel-service,-1,SpringMVC,True
1628756058037,1628756058038,{POST}/api/v1/travelservice/trips/left,Entry,ts-travel-service,1c048461f33b4ad7b8a773df75e54889.43.16287560580370034.0,1c048461f33b4ad7b8a773df75e54889.43.16287560580370035,ts-travel-service,-1,SpringMVC,True
1628756054916,1628756054919,{POST}/api/v1/travelservice/trips/left,Entry,ts-travel-service,1c048461f33b4ad7b8a773df75e54889.44.16287560549160014.0,1c048461f33b4ad7b8a773df75e54889.44.16287560549160015,ts-travel-service,-1,SpringMVC,True
1628756060234,1628756060236,{POST}/api/v1/travelservice/trips/left,Entry,ts-travel-service,1c048461f33b4ad7b8a773df75e54889.44.16287560602340056.0,1c048461f33b4ad7b8a773df75e54889.44.16287560602340057,ts-travel-service,-1,SpringMVC,True
1628756054052,1628756054104,{POST}/api/v1/travelservice/trips/left,Entry,ts-travel-service,1c048461f33b4ad7b8a773df75e54889.45.16287560540520010.0,1c048461f33b4ad7b8a773df75e54889.45.16287560540520011,ts-travel-service,-1,SpringMVC,True
1628756060280,1628756060281,{POST}/api/v1/travelservice/trips/left,Entry,ts-travel-service,1c048461f33b4ad7b8a773df75e54889.47.16287560602800056.0,1c048461f33b4ad7b8a773df75e54889.47.16287560602800057,ts-travel-service,-1,SpringMVC,True
1628756052418,1628756052503,{POST}/api/v1/travelservice/trips/left,Entry,ts-travel-service,1c048461f33b4ad7b8a773df75e54889.42.16287560524170004.0,1c048461f33b4ad7b8a773df75e54889.42.16287560524180005,ts-travel-service,-1,SpringMVC,True
1628756059614,1628756059615,{POST}/api/v1/travelservice/trips/left,Entry,ts-travel-service,1c048461f33b4ad7b8a773df75e54889.44.16287560596140048.0,1c048461f33b4ad7b8a773df75e54889.44.16287560596140049,ts-travel-service,-1,SpringMVC,True
1628756058204,1628756058206,{POST}/api/v1/travelservice/trips/left,Entry,ts-travel-service,1c048461f33b4ad7b8a773df75e54889.40.16287560582040036.0,1c048461f33b4ad7b8a773df75e54889.40.16287560582040037,ts-travel-service,-1,SpringMVC,True
1628756056804,1628756056806,{POST}/api/v1/travelservice/trips/left,Entry,ts-travel-service,1c048461f33b4ad7b8a773df75e54889.40.16287560568040022.0,1c048461f33b4ad7b8a773df75e54889.40.16287560568040023,ts-travel-service,-1,SpringMVC,True
1628756060324,1628756060325,{POST}/api/v1/travelservice/trips/left,Entry,ts-travel-service,1c048461f33b4ad7b8a773df75e54889.42.16287560603240058.0,1c048461f33b4ad7b8a773df75e54889.42.16287560603240059,ts-travel-service,-1,SpringMVC,True
1628756053813,1628756053816,{POST}/api/v1/travelservice/trips/left,Entry,ts-travel-service,1c048461f33b4ad7b8a773df75e54889.44.16287560538130008.0,1c048461f33b4ad7b8a773df75e54889.44.16287560538130009,ts-travel-service,-1,SpringMVC,True
1628756053717,1628756053719,{POST}/api/v1/travelservice/trips/left,Entry,ts-travel-service,1c048461f33b4ad7b8a773df75e54889.40.16287560537170008.0,1c048461f33b4ad7b8a773df75e54889.40.16287560537170009,ts-travel-service,-1,SpringMVC,True
1628756059880,1628756059882,{POST}/api/v1/travelservice/trips/left,Entry,ts-travel-service,1c048461f33b4ad7b8a773df75e54889.44.16287560598800052.0,1c048461f33b4ad7b8a773df75e54889.44.16287560598800053,ts-travel-service,-1,SpringMVC,True
1628756053741,1628756053804,{POST}/api/v1/travelservice/trips/left,Entry,ts-travel-service,1c048461f33b4ad7b8a773df75e54889.43.16287560537410008.0,1c048461f33b4ad7b8a773df75e54889.43.16287560537410009,ts-travel-service,-1,SpringMVC,True
1628756057991,1628756057993,{POST}/api/v1/travelservice/trips/left,Entry,ts-travel-service,1c048461f33b4ad7b8a773df75e54889.38.16287560579910030.0,1c048461f33b4ad7b8a773df75e54889.38.16287560579910031,ts-travel-service,-1,SpringMVC,True
1628756059138,1628756059140,{POST}/api/v1/travelservice/trips/left,Entry,ts-travel-service,1c048461f33b4ad7b8a773df75e54889.43.16287560591380044.0,1c048461f33b4ad7b8a773df75e54889.43.16287560591380045,ts-travel-service,-1,SpringMVC,True
1628756055917,1628756055919,{POST}/api/v1/travelservice/trips/left,Entry,ts-travel-service,1c048461f33b4ad7b8a773df75e54889.44.16287560559170018.0,1c048461f33b4ad7b8a773df75e54889.44.16287560559170019,ts-travel-service,-1,SpringMVC,True
1628756058338,1628756058340,{POST}/api/v1/travelservice/trips/left,Entry,ts-travel-service,1c048461f33b4ad7b8a773df75e54889.46.16287560583380036.0,1c048461f33b4ad7b8a773df75e54889.46.16287560583380037,ts-travel-service,-1,SpringMVC,True
1628756060269,1628756060270,{POST}/api/v1/travelservice/trips/left,Entry,ts-travel-service,1c048461f33b4ad7b8a773df75e54889.46.16287560602690056.0,1c048461f33b4ad7b8a773df75e54889.46.16287560602690057,ts-travel-service,-1,SpringMVC,True
1628756058381,1628756058383,{POST}/api/v1/travelservice/trips/left,Entry,ts-travel-service,1c048461f33b4ad7b8a773df75e54889.40.16287560583810038.0,1c048461f33b4ad7b8a773df75e54889.40.16287560583810039,ts-travel-service,-1,SpringMVC,True
1628756059213,1628756059214,{POST}/api/v1/travelservice/trips/left,Entry,ts-travel-service,1c048461f33b4ad7b8a773df75e54889.41.16287560592130044.0,1c048461f33b4ad7b8a773df75e54889.41.16287560592130045,ts-travel-service,-1,SpringMVC,True
1628756054714,1628756054717,{POST}/api/v1/travelservice/trips/left,Entry,ts-travel-service,1c048461f33b4ad7b8a773df75e54889.40.16287560547140014.0,1c048461f33b4ad7b8a773df75e54889.40.16287560547140015,ts-travel-service,-1,SpringMVC,True
1628756052403,1628756052407,{POST}/api/v1/travelservice/trips/left,Entry,ts-travel-service,1c048461f33b4ad7b8a773df75e54889.40.16287560524030004.0,1c048461f33b4ad7b8a773df75e54889.40.16287560524030005,ts-travel-service,-1,SpringMVC,True
1628756056217,1628756056220,{POST}/api/v1/travelservice/trips/left,Entry,ts-travel-service,1c048461f33b4ad7b8a773df75e54889.40.16287560562170020.0,1c048461f33b4ad7b8a773df75e54889.40.16287560562170021,ts-travel-service,-1,SpringMVC,True
1628756057536,1628756057537,{POST}/api/v1/travelservice/trips/left,Entry,ts-travel-service,1c048461f33b4ad7b8a773df75e54889.40.16287560575360028.0,1c048461f33b4ad7b8a773df75e54889.40.16287560575360029,ts-travel-service,-1,SpringMVC,True
1628756052116,1628756052203,{POST}/api/v1/travelservice/trips/left,Entry,ts-travel-service,1c048461f33b4ad7b8a773df75e54889.46.16287560521160002.0,1c048461f33b4ad7b8a773df75e54889.46.16287560521160003,ts-travel-service,-1,SpringMVC,True
1628756053904,1628756053907,{POST}/api/v1/travelservice/trips/left,Entry,ts-travel-service,1c048461f33b4ad7b8a773df75e54889.46.16287560539040008.0,1c048461f33b4ad7b8a773df75e54889.46.16287560539040009,ts-travel-service,-1,SpringMVC,True
1628756056917,1628756056919,{POST}/api/v1/travelservice/trips/left,Entry,ts-travel-service,1c048461f33b4ad7b8a773df75e54889.43.16287560569170022.0,1c048461f33b4ad7b8a773df75e54889.43.16287560569170023,ts-travel-service,-1,SpringMVC,True
1628756054929,1628756055004,{POST}/api/v1/travelservice/trips/left,Entry,ts-travel-service,1c048461f33b4ad7b8a773df75e54889.45.16287560549290014.0,1c048461f33b4ad7b8a773df75e54889.45.16287560549290015,ts-travel-service,-1,SpringMVC,True
1628756059245,1628756059247,{POST}/api/v1/travelservice/trips/left,Entry,ts-travel-service,1c048461f33b4ad7b8a773df75e54889.38.16287560592450042.0,1c048461f33b4ad7b8a773df75e54889.38.16287560592450043,ts-travel-service,-1,SpringMVC,True
1628756055116,1628756055118,{POST}/api/v1/travelservice/trips/left,Entry,ts-travel-service,1c048461f33b4ad7b8a773df75e54889.38.16287560551160012.0,1c048461f33b4ad7b8a773df75e54889.38.16287560551160013,ts-travel-service,-1,SpringMVC,True
1628756059736,1628756059737,{POST}/api/v1/travelservice/trips/left,Entry,ts-travel-service,1c048461f33b4ad7b8a773df75e54889.44.16287560597360050.0,1c048461f33b4ad7b8a773df75e54889.44.16287560597360051,ts-travel-service,-1,SpringMVC,True
1628756060425,1628756060427,{POST}/api/v1/travelservice/trips/left,Entry,ts-travel-service,1c048461f33b4ad7b8a773df75e54889.45.16287560604250058.0,1c048461f33b4ad7b8a773df75e54889.45.16287560604250059,ts-travel-service,-1,SpringMVC,True
1628756054503,1628756054506,{POST}/api/v1/travelservice/trips/left,Entry,ts-travel-service,1c048461f33b4ad7b8a773df75e54889.42.16287560545030012.0,1c048461f33b4ad7b8a773df75e54889.42.16287560545030013,ts-travel-service,-1,SpringMVC,True
1628756055416,1628756055419,{POST}/api/v1/travelservice/trips/left,Entry,ts-travel-service,1c048461f33b4ad7b8a773df75e54889.44.16287560554160016.0,1c048461f33b4ad7b8a773df75e54889.44.16287560554160017,ts-travel-service,-1,SpringMVC,True
1628756058058,1628756058059,{POST}/api/v1/travelservice/trips/left,Entry,ts-travel-service,1c048461f33b4ad7b8a773df75e54889.45.16287560580580034.0,1c048461f33b4ad7b8a773df75e54889.45.16287560580580035,ts-travel-service,-1,SpringMVC,True
1628756057327,1628756057328,{POST}/api/v1/travelservice/trips/left,Entry,ts-travel-service,1c048461f33b4ad7b8a773df75e54889.39.16287560573270026.0,1c048461f33b4ad7b8a773df75e54889.39.16287560573270027,ts-travel-service,-1,SpringMVC,True
1628756058825,1628756058827,{POST}/api/v1/travelservice/trips/left,Entry,ts-travel-service,1c048461f33b4ad7b8a773df75e54889.45.16287560588250042.0,1c048461f33b4ad7b8a773df75e54889.45.16287560588250043,ts-travel-service,-1,SpringMVC,True
1628756056716,1628756056719,{POST}/api/v1/travelservice/trips/left,Entry,ts-travel-service,1c048461f33b4ad7b8a773df75e54889.39.16287560567160022.0,1c048461f33b4ad7b8a773df75e54889.39.16287560567160023,ts-travel-service,-1,SpringMVC,True
1628756060436,1628756060437,{POST}/api/v1/travelservice/trips/left,Entry,ts-travel-service,1c048461f33b4ad7b8a773df75e54889.41.16287560604360058.0,1c048461f33b4ad7b8a773df75e54889.41.16287560604360059,ts-travel-service,-1,SpringMVC,True
