StartTime,EndTime,URL,SpanType,Service,SpanId,TraceId,Peer,ParentSpan,Component,IsError
1628758043649,1628758043734,{GET}/api/v1/contactservice/contacts/account/{accountId},Entry,ts-contacts-service,d59332882012449cb1e3ec31093fc1ee.45.16287580436490006.0,d59332882012449cb1e3ec31093fc1ee.45.16287580436490007,ts-contacts-service,-1,SpringMVC,True
1628758045647,1628758045651,{GET}/api/v1/contactservice/contacts/account/{accountId},Entry,ts-contacts-service,d59332882012449cb1e3ec31093fc1ee.44.16287580456470012.0,d59332882012449cb1e3ec31093fc1ee.44.16287580456470013,ts-contacts-service,-1,SpringMVC,True
1628758051932,1628758051935,{GET}/api/v1/contactservice/contacts/account/{accountId},Entry,ts-contacts-service,d59332882012449cb1e3ec31093fc1ee.37.16287580519320036.0,d59332882012449cb1e3ec31093fc1ee.37.16287580519320037,ts-contacts-service,-1,SpringMVC,True
1628758050532,1628758050536,{GET}/api/v1/contactservice/contacts/account/{accountId},Entry,ts-contacts-service,d59332882012449cb1e3ec31093fc1ee.37.16287580505320030.0,d59332882012449cb1e3ec31093fc1ee.37.16287580505320031,ts-contacts-service,-1,SpringMVC,True
1628758050956,1628758050958,{GET}/api/v1/contactservice/contacts/account/{accountId},Entry,ts-contacts-service,d59332882012449cb1e3ec31093fc1ee.40.16287580509560032.0,d59332882012449cb1e3ec31093fc1ee.40.16287580509560033,ts-contacts-service,-1,SpringMVC,True
1628758049446,1628758049449,{GET}/api/v1/contactservice/contacts/account/{accountId},Entry,ts-contacts-service,d59332882012449cb1e3ec31093fc1ee.46.16287580494460026.0,d59332882012449cb1e3ec31093fc1ee.46.16287580494460027,ts-contacts-service,-1,SpringMVC,True
1628758044333,1628758044338,{GET}/api/v1/contactservice/contacts/account/{accountId},Entry,ts-contacts-service,d59332882012449cb1e3ec31093fc1ee.44.16287580443330008.0,d59332882012449cb1e3ec31093fc1ee.44.16287580443330009,ts-contacts-service,-1,SpringMVC,True
1628758046747,1628758046750,{GET}/api/v1/contactservice/contacts/account/{accountId},Entry,ts-contacts-service,d59332882012449cb1e3ec31093fc1ee.40.16287580467470016.0,d59332882012449cb1e3ec31093fc1ee.40.16287580467470017,ts-contacts-service,-1,SpringMVC,True
1628758047633,1628758047636,{GET}/api/v1/contactservice/contacts/account/{accountId},Entry,ts-contacts-service,d59332882012449cb1e3ec31093fc1ee.43.16287580476330018.0,d59332882012449cb1e3ec31093fc1ee.43.16287580476330019,ts-contacts-service,-1,SpringMVC,True
1628758054957,1628758055034,{GET}/api/v1/contactservice/contacts/account/{accountId},Entry,ts-contacts-service,d59332882012449cb1e3ec31093fc1ee.46.16287580549570052.0,d59332882012449cb1e3ec31093fc1ee.46.16287580549570053,ts-contacts-service,-1,SpringMVC,True
1628758044132,1628758044137,{GET}/api/v1/contactservice/contacts/account/{accountId},Entry,ts-contacts-service,d59332882012449cb1e3ec31093fc1ee.40.16287580441320008.0,d59332882012449cb1e3ec31093fc1ee.40.16287580441320009,ts-contacts-service,-1,SpringMVC,True
1628758052644,1628758052646,{GET}/api/v1/contactservice/contacts/account/{accountId},Entry,ts-contacts-service,d59332882012449cb1e3ec31093fc1ee.42.16287580526440040.0,d59332882012449cb1e3ec31093fc1ee.42.16287580526440041,ts-contacts-service,-1,SpringMVC,True
1628758051032,1628758051035,{GET}/api/v1/contactservice/contacts/account/{accountId},Entry,ts-contacts-service,d59332882012449cb1e3ec31093fc1ee.42.16287580510320032.0,d59332882012449cb1e3ec31093fc1ee.42.16287580510320033,ts-contacts-service,-1,SpringMVC,True
1628758056532,1628758056534,{GET}/api/v1/contactservice/contacts/account/{accountId},Entry,ts-contacts-service,d59332882012449cb1e3ec31093fc1ee.37.16287580565320056.0,d59332882012449cb1e3ec31093fc1ee.37.16287580565320057,ts-contacts-service,-1,SpringMVC,True
1628758048633,1628758048637,{GET}/api/v1/contactservice/contacts/account/{accountId},Entry,ts-contacts-service,d59332882012449cb1e3ec31093fc1ee.39.16287580486330022.0,d59332882012449cb1e3ec31093fc1ee.39.16287580486330023,ts-contacts-service,-1,SpringMVC,True
1628758055232,1628758055235,{GET}/api/v1/contactservice/contacts/account/{accountId},Entry,ts-contacts-service,d59332882012449cb1e3ec31093fc1ee.41.16287580552320050.0,d59332882012449cb1e3ec31093fc1ee.41.16287580552320051,ts-contacts-service,-1,SpringMVC,True
1628758048447,1628758048534,{GET}/api/v1/contactservice/contacts/account/{accountId},Entry,ts-contacts-service,d59332882012449cb1e3ec31093fc1ee.37.16287580484470022.0,d59332882012449cb1e3ec31093fc1ee.37.16287580484470023,ts-contacts-service,-1,SpringMVC,True
1628758049332,1628758049336,{GET}/api/v1/contactservice/contacts/account/{accountId},Entry,ts-contacts-service,d59332882012449cb1e3ec31093fc1ee.44.16287580493320024.0,d59332882012449cb1e3ec31093fc1ee.44.16287580493320025,ts-contacts-service,-1,SpringMVC,True
1628758050659,1628758050661,{GET}/api/v1/contactservice/contacts/account/{accountId},Entry,ts-contacts-service,d59332882012449cb1e3ec31093fc1ee.41.16287580506590030.0,d59332882012449cb1e3ec31093fc1ee.41.16287580506590031,ts-contacts-service,-1,SpringMVC,True
1628758043245,1628758043249,{GET}/api/v1/contactservice/contacts/account/{accountId},Entry,ts-contacts-service,d59332882012449cb1e3ec31093fc1ee.39.16287580432450006.0,d59332882012449cb1e3ec31093fc1ee.39.16287580432450007,ts-contacts-service,-1,SpringMVC,True
1628758047346,1628758047350,{GET}/api/v1/contactservice/contacts/account/{accountId},Entry,ts-contacts-service,d59332882012449cb1e3ec31093fc1ee.40.16287580473460018.0,d59332882012449cb1e3ec31093fc1ee.40.16287580473460019,ts-contacts-service,-1,SpringMVC,True
1628758043333,1628758043339,{GET}/api/v1/contactservice/contacts/account/{accountId},Entry,ts-contacts-service,d59332882012449cb1e3ec31093fc1ee.40.16287580433330006.0,d59332882012449cb1e3ec31093fc1ee.40.16287580433330007,ts-contacts-service,-1,SpringMVC,True
1628758043632,1628758043638,{GET}/api/v1/contactservice/contacts/account/{accountId},Entry,ts-contacts-service,d59332882012449cb1e3ec31093fc1ee.44.16287580436320006.0,d59332882012449cb1e3ec31093fc1ee.44.16287580436320007,ts-contacts-service,-1,SpringMVC,True
1628758047047,1628758047050,{GET}/api/v1/contactservice/contacts/account/{accountId},Entry,ts-contacts-service,d59332882012449cb1e3ec31093fc1ee.45.16287580470470016.0,d59332882012449cb1e3ec31093fc1ee.45.16287580470470017,ts-contacts-service,-1,SpringMVC,True
1628758051132,1628758051135,{GET}/api/v1/contactservice/contacts/account/{accountId},Entry,ts-contacts-service,d59332882012449cb1e3ec31093fc1ee.46.16287580511320036.0,d59332882012449cb1e3ec31093fc1ee.46.16287580511320037,ts-contacts-service,-1,SpringMVC,True
1628758040981,1628758041035,{GET}/api/v1/contactservice/contacts/account/{accountId},Entry,ts-contacts-service,d59332882012449cb1e3ec31093fc1ee.37.16287580409810000.0,d59332882012449cb1e3ec31093fc1ee.37.16287580409810001,ts-contacts-service,-1,SpringMVC,True
1628758056068,1628758056133,{GET}/api/v1/contactservice/contacts/account/{accountId},Entry,ts-contacts-service,d59332882012449cb1e3ec31093fc1ee.40.16287580560680052.0,d59332882012449cb1e3ec31093fc1ee.40.16287580560680053,ts-contacts-service,-1,SpringMVC,True
1628758041047,1628758041057,{GET}/api/v1/contactservice/contacts/account/{accountId},Entry,ts-contacts-service,d59332882012449cb1e3ec31093fc1ee.38.16287580410470000.0,d59332882012449cb1e3ec31093fc1ee.38.16287580410470001,ts-contacts-service,-1,SpringMVC,True
1628758056254,1628758056256,{GET}/api/v1/contactservice/contacts/account/{accountId},Entry,ts-contacts-service,d59332882012449cb1e3ec31093fc1ee.37.16287580562540054.0,d59332882012449cb1e3ec31093fc1ee.37.16287580562540055,ts-contacts-service,-1,SpringMVC,True
1628758055445,1628758055447,{GET}/api/v1/contactservice/contacts/account/{accountId},Entry,ts-contacts-service,d59332882012449cb1e3ec31093fc1ee.44.16287580554450050.0,d59332882012449cb1e3ec31093fc1ee.44.16287580554450051,ts-contacts-service,-1,SpringMVC,True
1628758045332,1628758045337,{GET}/api/v1/contactservice/contacts/account/{accountId},Entry,ts-contacts-service,d59332882012449cb1e3ec31093fc1ee.38.16287580453320012.0,d59332882012449cb1e3ec31093fc1ee.38.16287580453320013,ts-contacts-service,-1,SpringMVC,True
1628758055059,1628758055134,{GET}/api/v1/contactservice/contacts/account/{accountId},Entry,ts-contacts-service,d59332882012449cb1e3ec31093fc1ee.39.16287580550590050.0,d59332882012449cb1e3ec31093fc1ee.39.16287580550590051,ts-contacts-service,-1,SpringMVC,True
1628758049347,1628758049435,{GET}/api/v1/contactservice/contacts/account/{accountId},Entry,ts-contacts-service,d59332882012449cb1e3ec31093fc1ee.45.16287580493470024.0,d59332882012449cb1e3ec31093fc1ee.45.16287580493470025,ts-contacts-service,-1,SpringMVC,True
1628758053445,1628758053532,{GET}/api/v1/contactservice/contacts/account/{accountId},Entry,ts-contacts-service,d59332882012449cb1e3ec31093fc1ee.45.16287580534450042.0,d59332882012449cb1e3ec31093fc1ee.45.16287580534450043,ts-contacts-service,-1,SpringMVC,True
1628758056689,1628758056691,{GET}/api/v1/contactservice/contacts/account/{accountId},Entry,ts-contacts-service,d59332882012449cb1e3ec31093fc1ee.45.16287580566890058.0,d59332882012449cb1e3ec31093fc1ee.45.16287580566890059,ts-contacts-service,-1,SpringMVC,True
1628758050032,1628758050036,{GET}/api/v1/contactservice/contacts/account/{accountId},Entry,ts-contacts-service,d59332882012449cb1e3ec31093fc1ee.37.16287580500320028.0,d59332882012449cb1e3ec31093fc1ee.37.16287580500320029,ts-contacts-service,-1,SpringMVC,True
1628758052533,1628758052536,{GET}/api/v1/contactservice/contacts/account/{accountId},Entry,ts-contacts-service,d59332882012449cb1e3ec31093fc1ee.40.16287580525330040.0,d59332882012449cb1e3ec31093fc1ee.40.16287580525330041,ts-contacts-service,-1,SpringMVC,True
1628758052032,1628758052035,{GET}/api/v1/contactservice/contacts/account/{accountId},Entry,ts-contacts-service,d59332882012449cb1e3ec31093fc1ee.38.16287580520320038.0,d59332882012449cb1e3ec31093fc1ee.38.16287580520320039,ts-contacts-service,-1,SpringMVC,True
1628758050144,1628758050147,{GET}/api/v1/contactservice/contacts/account/{accountId},Entry,ts-contacts-service,d59332882012449cb1e3ec31093fc1ee.40.16287580501440028.0,d59332882012449cb1e3ec31093fc1ee.40.16287580501440029,ts-contacts-service,-1,SpringMVC,True
1628758048059,1628758048062,{GET}/api/v1/contactservice/contacts/account/{accountId},Entry,ts-contacts-service,d59332882012449cb1e3ec31093fc1ee.39.16287580480590020.0,d59332882012449cb1e3ec31093fc1ee.39.16287580480590021,ts-contacts-service,-1,SpringMVC,True
1628758053744,1628758053747,{GET}/api/v1/contactservice/contacts/account/{accountId},Entry,ts-contacts-service,d59332882012449cb1e3ec31093fc1ee.40.16287580537440044.0,d59332882012449cb1e3ec31093fc1ee.40.16287580537440045,ts-contacts-service,-1,SpringMVC,True
1628758055756,1628758055832,{GET}/api/v1/contactservice/contacts/account/{accountId},Entry,ts-contacts-service,d59332882012449cb1e3ec31093fc1ee.40.16287580557560050.0,d59332882012449cb1e3ec31093fc1ee.40.16287580557560051,ts-contacts-service,-1,SpringMVC,True
1628758041967,1628758042037,{GET}/api/v1/contactservice/contacts/account/{accountId},Entry,ts-contacts-service,d59332882012449cb1e3ec31093fc1ee.41.16287580419670004.0,d59332882012449cb1e3ec31093fc1ee.41.16287580419670005,ts-contacts-service,-1,SpringMVC,True
1628758043546,1628758043551,{GET}/api/v1/contactservice/contacts/account/{accountId},Entry,ts-contacts-service,d59332882012449cb1e3ec31093fc1ee.43.16287580435460006.0,d59332882012449cb1e3ec31093fc1ee.43.16287580435460007,ts-contacts-service,-1,SpringMVC,True
1628758055944,1628758055947,{GET}/api/v1/contactservice/contacts/account/{accountId},Entry,ts-contacts-service,d59332882012449cb1e3ec31093fc1ee.44.16287580559440052.0,d59332882012449cb1e3ec31093fc1ee.44.16287580559440053,ts-contacts-service,-1,SpringMVC,True
1628758049748,1628758049751,{GET}/api/v1/contactservice/contacts/account/{accountId},Entry,ts-contacts-service,d59332882012449cb1e3ec31093fc1ee.42.16287580497480026.0,d59332882012449cb1e3ec31093fc1ee.42.16287580497480027,ts-contacts-service,-1,SpringMVC,True
1628758056243,1628758056245,{GET}/api/v1/contactservice/contacts/account/{accountId},Entry,ts-contacts-service,d59332882012449cb1e3ec31093fc1ee.45.16287580562430054.0,d59332882012449cb1e3ec31093fc1ee.45.16287580562430055,ts-contacts-service,-1,SpringMVC,True
1628758051443,1628758051445,{GET}/api/v1/contactservice/contacts/account/{accountId},Entry,ts-contacts-service,d59332882012449cb1e3ec31093fc1ee.46.16287580514430038.0,d59332882012449cb1e3ec31093fc1ee.46.16287580514430039,ts-contacts-service,-1,SpringMVC,True
1628758049154,1628758049156,{GET}/api/v1/contactservice/contacts/account/{accountId},Entry,ts-contacts-service,d59332882012449cb1e3ec31093fc1ee.40.16287580491540024.0,d59332882012449cb1e3ec31093fc1ee.40.16287580491540025,ts-contacts-service,-1,SpringMVC,True
1628758051744,1628758051746,{GET}/api/v1/contactservice/contacts/account/{accountId},Entry,ts-contacts-service,d59332882012449cb1e3ec31093fc1ee.42.16287580517440036.0,d59332882012449cb1e3ec31093fc1ee.42.16287580517440037,ts-contacts-service,-1,SpringMVC,True
1628758042064,1628758042136,{GET}/api/v1/contactservice/contacts/account/{accountId},Entry,ts-contacts-service,d59332882012449cb1e3ec31093fc1ee.43.16287580420640002.0,d59332882012449cb1e3ec31093fc1ee.43.16287580420640003,ts-contacts-service,-1,SpringMVC,True
1628758046033,1628758046037,{GET}/api/v1/contactservice/contacts/account/{accountId},Entry,ts-contacts-service,d59332882012449cb1e3ec31093fc1ee.38.16287580460330014.0,d59332882012449cb1e3ec31093fc1ee.38.16287580460330015,ts-contacts-service,-1,SpringMVC,True
1628758046932,1628758046937,{GET}/api/v1/contactservice/contacts/account/{accountId},Entry,ts-contacts-service,d59332882012449cb1e3ec31093fc1ee.42.16287580469320016.0,d59332882012449cb1e3ec31093fc1ee.42.16287580469320017,ts-contacts-service,-1,SpringMVC,True
1628758046832,1628758046837,{GET}/api/v1/contactservice/contacts/account/{accountId},Entry,ts-contacts-service,d59332882012449cb1e3ec31093fc1ee.41.16287580468320016.0,d59332882012449cb1e3ec31093fc1ee.41.16287580468320017,ts-contacts-service,-1,SpringMVC,True
1628758054445,1628758054448,{GET}/api/v1/contactservice/contacts/account/{accountId},Entry,ts-contacts-service,d59332882012449cb1e3ec31093fc1ee.46.16287580544450050.0,d59332882012449cb1e3ec31093fc1ee.46.16287580544450051,ts-contacts-service,-1,SpringMVC,True
1628758052932,1628758052935,{GET}/api/v1/contactservice/contacts/account/{accountId},Entry,ts-contacts-service,d59332882012449cb1e3ec31093fc1ee.38.16287580529320042.0,d59332882012449cb1e3ec31093fc1ee.38.16287580529320043,ts-contacts-service,-1,SpringMVC,True
1628758049946,1628758049949,{GET}/api/v1/contactservice/contacts/account/{accountId},Entry,ts-contacts-service,d59332882012449cb1e3ec31093fc1ee.46.16287580499460028.0,d59332882012449cb1e3ec31093fc1ee.46.16287580499460029,ts-contacts-service,-1,SpringMVC,True
1628758049057,1628758049060,{GET}/api/v1/contactservice/contacts/account/{accountId},Entry,ts-contacts-service,d59332882012449cb1e3ec31093fc1ee.37.16287580490570024.0,d59332882012449cb1e3ec31093fc1ee.37.16287580490570025,ts-contacts-service,-1,SpringMVC,True
1628758049178,1628758049180,{GET}/api/v1/contactservice/contacts/account/{accountId},Entry,ts-contacts-service,d59332882012449cb1e3ec31093fc1ee.42.16287580491780024.0,d59332882012449cb1e3ec31093fc1ee.42.16287580491780025,ts-contacts-service,-1,SpringMVC,True
1628758056288,1628758056289,{GET}/api/v1/contactservice/contacts/account/{accountId},Entry,ts-contacts-service,d59332882012449cb1e3ec31093fc1ee.39.16287580562880056.0,d59332882012449cb1e3ec31093fc1ee.39.16287580562880057,ts-contacts-service,-1,SpringMVC,True
1628758054646,1628758054649,{GET}/api/v1/contactservice/contacts/account/{accountId},Entry,ts-contacts-service,d59332882012449cb1e3ec31093fc1ee.41.16287580546460048.0,d59332882012449cb1e3ec31093fc1ee.41.16287580546460049,ts-contacts-service,-1,SpringMVC,True
1628758045533,1628758045537,{GET}/api/v1/contactservice/contacts/account/{accountId},Entry,ts-contacts-service,d59332882012449cb1e3ec31093fc1ee.41.16287580455330012.0,d59332882012449cb1e3ec31093fc1ee.41.16287580455330013,ts-contacts-service,-1,SpringMVC,True
1628758051945,1628758051947,{GET}/api/v1/contactservice/contacts/account/{accountId},Entry,ts-contacts-service,d59332882012449cb1e3ec31093fc1ee.46.16287580519450040.0,d59332882012449cb1e3ec31093fc1ee.46.16287580519450041,ts-contacts-service,-1,SpringMVC,True
1628758041634,1628758041641,{GET}/api/v1/contactservice/contacts/account/{accountId},Entry,ts-contacts-service,d59332882012449cb1e3ec31093fc1ee.46.16287580416340002.0,d59332882012449cb1e3ec31093fc1ee.46.16287580416340003,ts-contacts-service,-1,SpringMVC,True
1628758046246,1628758046250,{GET}/api/v1/contactservice/contacts/account/{accountId},Entry,ts-contacts-service,d59332882012449cb1e3ec31093fc1ee.42.16287580462460014.0,d59332882012449cb1e3ec31093fc1ee.42.16287580462460015,ts-contacts-service,-1,SpringMVC,True
1628758055854,1628758055857,{GET}/api/v1/contactservice/contacts/account/{accountId},Entry,ts-contacts-service,d59332882012449cb1e3ec31093fc1ee.42.16287580558540052.0,d59332882012449cb1e3ec31093fc1ee.42.16287580558540053,ts-contacts-service,-1,SpringMVC,True
1628758056309,1628758056333,{GET}/api/v1/contactservice/contacts/account/{accountId},Entry,ts-contacts-service,d59332882012449cb1e3ec31093fc1ee.41.16287580563090056.0,d59332882012449cb1e3ec31093fc1ee.41.16287580563090057,ts-contacts-service,-1,SpringMVC,True
1628758054132,1628758054134,{GET}/api/v1/contactservice/contacts/account/{accountId},Entry,ts-contacts-service,d59332882012449cb1e3ec31093fc1ee.39.16287580541320046.0,d59332882012449cb1e3ec31093fc1ee.39.16287580541320047,ts-contacts-service,-1,SpringMVC,True
1628758050446,1628758050450,{GET}/api/v1/contactservice/contacts/account/{accountId},Entry,ts-contacts-service,d59332882012449cb1e3ec31093fc1ee.46.16287580504460030.0,d59332882012449cb1e3ec31093fc1ee.46.16287580504460031,ts-contacts-service,-1,SpringMVC,True
1628758050632,1628758050636,{GET}/api/v1/contactservice/contacts/account/{accountId},Entry,ts-contacts-service,d59332882012449cb1e3ec31093fc1ee.39.16287580506320030.0,d59332882012449cb1e3ec31093fc1ee.39.16287580506320031,ts-contacts-service,-1,SpringMVC,True
1628758045247,1628758045250,{GET}/api/v1/contactservice/contacts/account/{accountId},Entry,ts-contacts-service,d59332882012449cb1e3ec31093fc1ee.37.16287580452470012.0,d59332882012449cb1e3ec31093fc1ee.37.16287580452470013,ts-contacts-service,-1,SpringMVC,True
1628758055932,1628758055934,{GET}/api/v1/contactservice/contacts/account/{accountId},Entry,ts-contacts-service,d59332882012449cb1e3ec31093fc1ee.43.16287580559320052.0,d59332882012449cb1e3ec31093fc1ee.43.16287580559320053,ts-contacts-service,-1,SpringMVC,True
1628758056632,1628758056634,{GET}/api/v1/contactservice/contacts/account/{accountId},Entry,ts-contacts-service,d59332882012449cb1e3ec31093fc1ee.40.16287580566320056.0,d59332882012449cb1e3ec31093fc1ee.40.16287580566320057,ts-contacts-service,-1,SpringMVC,True
1628758044932,1628758044939,{GET}/api/v1/contactservice/contacts/account/{accountId},Entry,ts-contacts-service,d59332882012449cb1e3ec31093fc1ee.42.16287580449320010.0,d59332882012449cb1e3ec31093fc1ee.42.16287580449320011,ts-contacts-service,-1,SpringMVC,True
1628758056265,1628758056267,{GET}/api/v1/contactservice/contacts/account/{accountId},Entry,ts-contacts-service,d59332882012449cb1e3ec31093fc1ee.46.16287580562650058.0,d59332882012449cb1e3ec31093fc1ee.46.16287580562650059,ts-contacts-service,-1,SpringMVC,True
1628758045632,1628758045637,{GET}/api/v1/contactservice/contacts/account/{accountId},Entry,ts-contacts-service,d59332882012449cb1e3ec31093fc1ee.43.16287580456320012.0,d59332882012449cb1e3ec31093fc1ee.43.16287580456320013,ts-contacts-service,-1,SpringMVC,True
1628758049855,1628758049936,{GET}/api/v1/contactservice/contacts/account/{accountId},Entry,ts-contacts-service,d59332882012449cb1e3ec31093fc1ee.45.16287580498550026.0,d59332882012449cb1e3ec31093fc1ee.45.16287580498550027,ts-contacts-service,-1,SpringMVC,True
1628758052745,1628758052748,{GET}/api/v1/contactservice/contacts/account/{accountId},Entry,ts-contacts-service,d59332882012449cb1e3ec31093fc1ee.45.16287580527450040.0,d59332882012449cb1e3ec31093fc1ee.45.16287580527450041,ts-contacts-service,-1,SpringMVC,True
1628758055646,1628758055734,{GET}/api/v1/contactservice/contacts/account/{accountId},Entry,ts-contacts-service,d59332882012449cb1e3ec31093fc1ee.38.16287580556460052.0,d59332882012449cb1e3ec31093fc1ee.38.16287580556460053,ts-contacts-service,-1,SpringMVC,True
1628758055843,1628758055845,{GET}/api/v1/contactservice/contacts/account/{accountId},Entry,ts-contacts-service,d59332882012449cb1e3ec31093fc1ee.41.16287580558420052.0,d59332882012449cb1e3ec31093fc1ee.41.16287580558420053,ts-contacts-service,-1,SpringMVC,True
1628758045146,1628758045150,{GET}/api/v1/contactservice/contacts/account/{accountId},Entry,ts-contacts-service,d59332882012449cb1e3ec31093fc1ee.45.16287580451460010.0,d59332882012449cb1e3ec31093fc1ee.45.16287580451460011,ts-contacts-service,-1,SpringMVC,True
1628758054432,1628758054435,{GET}/api/v1/contactservice/contacts/account/{accountId},Entry,ts-contacts-service,d59332882012449cb1e3ec31093fc1ee.37.16287580544320046.0,d59332882012449cb1e3ec31093fc1ee.37.16287580544320047,ts-contacts-service,-1,SpringMVC,True
1628758050757,1628758050759,{GET}/api/v1/contactservice/contacts/account/{accountId},Entry,ts-contacts-service,d59332882012449cb1e3ec31093fc1ee.44.16287580507570030.0,d59332882012449cb1e3ec31093fc1ee.44.16287580507570031,ts-contacts-service,-1,SpringMVC,True
1628758054532,1628758054535,{GET}/api/v1/contactservice/contacts/account/{accountId},Entry,ts-contacts-service,d59332882012449cb1e3ec31093fc1ee.38.16287580545320048.0,d59332882012449cb1e3ec31093fc1ee.38.16287580545320049,ts-contacts-service,-1,SpringMVC,True
1628758051214,1628758051233,{GET}/api/v1/contactservice/contacts/account/{accountId},Entry,ts-contacts-service,d59332882012449cb1e3ec31093fc1ee.44.16287580512140034.0,d59332882012449cb1e3ec31093fc1ee.44.16287580512140035,ts-contacts-service,-1,SpringMVC,True
1628758048133,1628758048136,{GET}/api/v1/contactservice/contacts/account/{accountId},Entry,ts-contacts-service,d59332882012449cb1e3ec31093fc1ee.40.16287580481320020.0,d59332882012449cb1e3ec31093fc1ee.40.16287580481320021,ts-contacts-service,-1,SpringMVC,True
1628758043846,1628758043938,{GET}/api/v1/contactservice/contacts/account/{accountId},Entry,ts-contacts-service,d59332882012449cb1e3ec31093fc1ee.37.16287580438460008.0,d59332882012449cb1e3ec31093fc1ee.37.16287580438460009,ts-contacts-service,-1,SpringMVC,True
1628758056167,1628758056169,{GET}/api/v1/contactservice/contacts/account/{accountId},Entry,ts-contacts-service,d59332882012449cb1e3ec31093fc1ee.43.16287580561670054.0,d59332882012449cb1e3ec31093fc1ee.43.16287580561670055,ts-contacts-service,-1,SpringMVC,True
1628758042949,1628758043036,{GET}/api/v1/contactservice/contacts/account/{accountId},Entry,ts-contacts-service,d59332882012449cb1e3ec31093fc1ee.45.16287580429490004.0,d59332882012449cb1e3ec31093fc1ee.45.16287580429490005,ts-contacts-service,-1,SpringMVC,True
1628758052232,1628758052235,{GET}/api/v1/contactservice/contacts/account/{accountId},Entry,ts-contacts-service,d59332882012449cb1e3ec31093fc1ee.43.16287580522320038.0,d59332882012449cb1e3ec31093fc1ee.43.16287580522320039,ts-contacts-service,-1,SpringMVC,True
1628758041344,1628758041434,{GET}/api/v1/contactservice/contacts/account/{accountId},Entry,ts-contacts-service,d59332882012449cb1e3ec31093fc1ee.42.16287580413440000.0,d59332882012449cb1e3ec31093fc1ee.42.16287580413440001,ts-contacts-service,-1,SpringMVC,True
1628758054345,1628758054348,{GET}/api/v1/contactservice/contacts/account/{accountId},Entry,ts-contacts-service,d59332882012449cb1e3ec31093fc1ee.45.16287580543450046.0,d59332882012449cb1e3ec31093fc1ee.45.16287580543450047,ts-contacts-service,-1,SpringMVC,True
1628758047032,1628758047036,{GET}/api/v1/contactservice/contacts/account/{accountId},Entry,ts-contacts-service,d59332882012449cb1e3ec31093fc1ee.44.16287580470320016.0,d59332882012449cb1e3ec31093fc1ee.44.16287580470320017,ts-contacts-service,-1,SpringMVC,True
1628758056232,1628758056234,{GET}/api/v1/contactservice/contacts/account/{accountId},Entry,ts-contacts-service,d59332882012449cb1e3ec31093fc1ee.44.16287580562320054.0,d59332882012449cb1e3ec31093fc1ee.44.16287580562320055,ts-contacts-service,-1,SpringMVC,True
1628758042646,1628758042652,{GET}/api/v1/contactservice/contacts/account/{accountId},Entry,ts-contacts-service,d59332882012449cb1e3ec31093fc1ee.41.16287580426460006.0,d59332882012449cb1e3ec31093fc1ee.41.16287580426460007,ts-contacts-service,-1,SpringMVC,True
1628758043745,1628758043835,{GET}/api/v1/contactservice/contacts/account/{accountId},Entry,ts-contacts-service,d59332882012449cb1e3ec31093fc1ee.46.16287580437450008.0,d59332882012449cb1e3ec31093fc1ee.46.16287580437450009,ts-contacts-service,-1,SpringMVC,True
1628758049632,1628758049635,{GET}/api/v1/contactservice/contacts/account/{accountId},Entry,ts-contacts-service,d59332882012449cb1e3ec31093fc1ee.39.16287580496320026.0,d59332882012449cb1e3ec31093fc1ee.39.16287580496320027,ts-contacts-service,-1,SpringMVC,True
1628758053542,1628758053545,{GET}/api/v1/contactservice/contacts/account/{accountId},Entry,ts-contacts-service,d59332882012449cb1e3ec31093fc1ee.37.16287580535420042.0,d59332882012449cb1e3ec31093fc1ee.37.16287580535420043,ts-contacts-service,-1,SpringMVC,True
1628758051060,1628758051062,{GET}/api/v1/contactservice/contacts/account/{accountId},Entry,ts-contacts-service,d59332882012449cb1e3ec31093fc1ee.44.16287580510600032.0,d59332882012449cb1e3ec31093fc1ee.44.16287580510600033,ts-contacts-service,-1,SpringMVC,True
1628758052045,1628758052047,{GET}/api/v1/contactservice/contacts/account/{accountId},Entry,ts-contacts-service,d59332882012449cb1e3ec31093fc1ee.39.16287580520450038.0,d59332882012449cb1e3ec31093fc1ee.39.16287580520450039,ts-contacts-service,-1,SpringMVC,True
1628758052144,1628758052146,{GET}/api/v1/contactservice/contacts/account/{accountId},Entry,ts-contacts-service,d59332882012449cb1e3ec31093fc1ee.41.16287580521440038.0,d59332882012449cb1e3ec31093fc1ee.41.16287580521440039,ts-contacts-service,-1,SpringMVC,True
1628758042443,1628758042448,{GET}/api/v1/contactservice/contacts/account/{accountId},Entry,ts-contacts-service,d59332882012449cb1e3ec31093fc1ee.38.16287580424430004.0,d59332882012449cb1e3ec31093fc1ee.38.16287580424430005,ts-contacts-service,-1,SpringMVC,True
1628758053032,1628758053036,{GET}/api/v1/contactservice/contacts/account/{accountId},Entry,ts-contacts-service,d59332882012449cb1e3ec31093fc1ee.39.16287580530320042.0,d59332882012449cb1e3ec31093fc1ee.39.16287580530320043,ts-contacts-service,-1,SpringMVC,True
1628758044646,1628758044649,{GET}/api/v1/contactservice/contacts/account/{accountId},Entry,ts-contacts-service,d59332882012449cb1e3ec31093fc1ee.38.16287580446460010.0,d59332882012449cb1e3ec31093fc1ee.38.16287580446460011,ts-contacts-service,-1,SpringMVC,True
1628758055146,1628758055149,{GET}/api/v1/contactservice/contacts/account/{accountId},Entry,ts-contacts-service,d59332882012449cb1e3ec31093fc1ee.40.16287580551460048.0,d59332882012449cb1e3ec31093fc1ee.40.16287580551460049,ts-contacts-service,-1,SpringMVC,True
1628758053732,1628758053735,{GET}/api/v1/contactservice/contacts/account/{accountId},Entry,ts-contacts-service,d59332882012449cb1e3ec31093fc1ee.39.16287580537320044.0,d59332882012449cb1e3ec31093fc1ee.39.16287580537320045,ts-contacts-service,-1,SpringMVC,True
1628758042733,1628758042739,{GET}/api/v1/contactservice/contacts/account/{accountId},Entry,ts-contacts-service,d59332882012449cb1e3ec31093fc1ee.42.16287580427330004.0,d59332882012449cb1e3ec31093fc1ee.42.16287580427330005,ts-contacts-service,-1,SpringMVC,True
1628758051083,1628758051085,{GET}/api/v1/contactservice/contacts/account/{accountId},Entry,ts-contacts-service,d59332882012449cb1e3ec31093fc1ee.46.16287580510830034.0,d59332882012449cb1e3ec31093fc1ee.46.16287580510830035,ts-contacts-service,-1,SpringMVC,True
1628758053345,1628758053433,{GET}/api/v1/contactservice/contacts/account/{accountId},Entry,ts-contacts-service,d59332882012449cb1e3ec31093fc1ee.44.16287580533450042.0,d59332882012449cb1e3ec31093fc1ee.44.16287580533450043,ts-contacts-service,-1,SpringMVC,True
1628758051344,1628758051432,{GET}/api/v1/contactservice/contacts/account/{accountId},Entry,ts-contacts-service,d59332882012449cb1e3ec31093fc1ee.37.16287580513440034.0,d59332882012449cb1e3ec31093fc1ee.37.16287580513440035,ts-contacts-service,-1,SpringMVC,True
1628758051532,1628758051535,{GET}/api/v1/contactservice/contacts/account/{accountId},Entry,ts-contacts-service,d59332882012449cb1e3ec31093fc1ee.38.16287580515320036.0,d59332882012449cb1e3ec31093fc1ee.38.16287580515320037,ts-contacts-service,-1,SpringMVC,True
1628758052257,1628758052333,{GET}/api/v1/contactservice/contacts/account/{accountId},Entry,ts-contacts-service,d59332882012449cb1e3ec31093fc1ee.45.16287580522570038.0,d59332882012449cb1e3ec31093fc1ee.45.16287580522570039,ts-contacts-service,-1,SpringMVC,True
1628758055633,1628758055636,{GET}/api/v1/contactservice/contacts/account/{accountId},Entry,ts-contacts-service,d59332882012449cb1e3ec31093fc1ee.46.16287580556330054.0,d59332882012449cb1e3ec31093fc1ee.46.16287580556330055,ts-contacts-service,-1,SpringMVC,True
1628758048545,1628758048548,{GET}/api/v1/contactservice/contacts/account/{accountId},Entry,ts-contacts-service,d59332882012449cb1e3ec31093fc1ee.38.16287580485450022.0,d59332882012449cb1e3ec31093fc1ee.38.16287580485450023,ts-contacts-service,-1,SpringMVC,True
1628758050945,1628758050947,{GET}/api/v1/contactservice/contacts/account/{accountId},Entry,ts-contacts-service,d59332882012449cb1e3ec31093fc1ee.39.16287580509450032.0,d59332882012449cb1e3ec31093fc1ee.39.16287580509450033,ts-contacts-service,-1,SpringMVC,True
1628758055544,1628758055546,{GET}/api/v1/contactservice/contacts/account/{accountId},Entry,ts-contacts-service,d59332882012449cb1e3ec31093fc1ee.37.16287580555440050.0,d59332882012449cb1e3ec31093fc1ee.37.16287580555440051,ts-contacts-service,-1,SpringMVC,True
1628758049761,1628758049833,{GET}/api/v1/contactservice/contacts/account/{accountId},Entry,ts-contacts-service,d59332882012449cb1e3ec31093fc1ee.43.16287580497610026.0,d59332882012449cb1e3ec31093fc1ee.43.16287580497610027,ts-contacts-service,-1,SpringMVC,True
1628758049045,1628758049047,{GET}/api/v1/contactservice/contacts/account/{accountId},Entry,ts-contacts-service,d59332882012449cb1e3ec31093fc1ee.46.16287580490450024.0,d59332882012449cb1e3ec31093fc1ee.46.16287580490450025,ts-contacts-service,-1,SpringMVC,True
1628758052845,1628758052848,{GET}/api/v1/contactservice/contacts/account/{accountId},Entry,ts-contacts-service,d59332882012449cb1e3ec31093fc1ee.46.16287580528450044.0,d59332882012449cb1e3ec31093fc1ee.46.16287580528450045,ts-contacts-service,-1,SpringMVC,True
1628758052656,1628758052658,{GET}/api/v1/contactservice/contacts/account/{accountId},Entry,ts-contacts-service,d59332882012449cb1e3ec31093fc1ee.43.16287580526560040.0,d59332882012449cb1e3ec31093fc1ee.43.16287580526560041,ts-contacts-service,-1,SpringMVC,True
1628758054245,1628758054247,{GET}/api/v1/contactservice/contacts/account/{accountId},Entry,ts-contacts-service,d59332882012449cb1e3ec31093fc1ee.43.16287580542450046.0,d59332882012449cb1e3ec31093fc1ee.43.16287580542450047,ts-contacts-service,-1,SpringMVC,True
1628758042850,1628758042938,{GET}/api/v1/contactservice/contacts/account/{accountId},Entry,ts-contacts-service,d59332882012449cb1e3ec31093fc1ee.44.16287580428500004.0,d59332882012449cb1e3ec31093fc1ee.44.16287580428500005,ts-contacts-service,-1,SpringMVC,True
1628758047132,1628758047136,{GET}/api/v1/contactservice/contacts/account/{accountId},Entry,ts-contacts-service,d59332882012449cb1e3ec31093fc1ee.46.16287580471320018.0,d59332882012449cb1e3ec31093fc1ee.46.16287580471320019,ts-contacts-service,-1,SpringMVC,True
1628758050769,1628758050832,{GET}/api/v1/contactservice/contacts/account/{accountId},Entry,ts-contacts-service,d59332882012449cb1e3ec31093fc1ee.45.16287580507690030.0,d59332882012449cb1e3ec31093fc1ee.45.16287580507690031,ts-contacts-service,-1,SpringMVC,True
1628758050059,1628758050133,{GET}/api/v1/contactservice/contacts/account/{accountId},Entry,ts-contacts-service,d59332882012449cb1e3ec31093fc1ee.39.16287580500590028.0,d59332882012449cb1e3ec31093fc1ee.39.16287580500590029,ts-contacts-service,-1,SpringMVC,True
1628758048232,1628758048236,{GET}/api/v1/contactservice/contacts/account/{accountId},Entry,ts-contacts-service,d59332882012449cb1e3ec31093fc1ee.42.16287580482320020.0,d59332882012449cb1e3ec31093fc1ee.42.16287580482320021,ts-contacts-service,-1,SpringMVC,True
1628758048259,1628758048334,{GET}/api/v1/contactservice/contacts/account/{accountId},Entry,ts-contacts-service,d59332882012449cb1e3ec31093fc1ee.44.16287580482590020.0,d59332882012449cb1e3ec31093fc1ee.44.16287580482590021,ts-contacts-service,-1,SpringMVC,True
1628758042248,1628758042254,{GET}/api/v1/contactservice/contacts/account/{accountId},Entry,ts-contacts-service,d59332882012449cb1e3ec31093fc1ee.46.16287580422480004.0,d59332882012449cb1e3ec31093fc1ee.46.16287580422480005,ts-contacts-service,-1,SpringMVC,True
1628758054945,1628758054947,{GET}/api/v1/contactservice/contacts/account/{accountId},Entry,ts-contacts-service,d59332882012449cb1e3ec31093fc1ee.37.16287580549450048.0,d59332882012449cb1e3ec31093fc1ee.37.16287580549450049,ts-contacts-service,-1,SpringMVC,True
1628758056277,1628758056278,{GET}/api/v1/contactservice/contacts/account/{accountId},Entry,ts-contacts-service,d59332882012449cb1e3ec31093fc1ee.38.16287580562770056.0,d59332882012449cb1e3ec31093fc1ee.38.16287580562770057,ts-contacts-service,-1,SpringMVC,True
1628758056455,1628758056456,{GET}/api/v1/contactservice/contacts/account/{accountId},Entry,ts-contacts-service,d59332882012449cb1e3ec31093fc1ee.45.16287580564550056.0,d59332882012449cb1e3ec31093fc1ee.45.16287580564550057,ts-contacts-service,-1,SpringMVC,True
1628758055245,1628758055336,{GET}/api/v1/contactservice/contacts/account/{accountId},Entry,ts-contacts-service,d59332882012449cb1e3ec31093fc1ee.42.16287580552450050.0,d59332882012449cb1e3ec31093fc1ee.42.16287580552450051,ts-contacts-service,-1,SpringMVC,True
1628758041152,1628758041234,{GET}/api/v1/contactservice/contacts/account/{accountId},Entry,ts-contacts-service,d59332882012449cb1e3ec31093fc1ee.40.16287580411520000.0,d59332882012449cb1e3ec31093fc1ee.40.16287580411520001,ts-contacts-service,-1,SpringMVC,True
1628758050232,1628758050236,{GET}/api/v1/contactservice/contacts/account/{accountId},Entry,ts-contacts-service,d59332882012449cb1e3ec31093fc1ee.41.16287580502320028.0,d59332882012449cb1e3ec31093fc1ee.41.16287580502320029,ts-contacts-service,-1,SpringMVC,True
1628758043432,1628758043437,{GET}/api/v1/contactservice/contacts/account/{accountId},Entry,ts-contacts-service,d59332882012449cb1e3ec31093fc1ee.41.16287580434320008.0,d59332882012449cb1e3ec31093fc1ee.41.16287580434320009,ts-contacts-service,-1,SpringMVC,True
1628758055046,1628758055049,{GET}/api/v1/contactservice/contacts/account/{accountId},Entry,ts-contacts-service,d59332882012449cb1e3ec31093fc1ee.38.16287580550460050.0,d59332882012449cb1e3ec31093fc1ee.38.16287580550460051,ts-contacts-service,-1,SpringMVC,True
1628758054545,1628758054548,{GET}/api/v1/contactservice/contacts/account/{accountId},Entry,ts-contacts-service,d59332882012449cb1e3ec31093fc1ee.39.16287580545450048.0,d59332882012449cb1e3ec31093fc1ee.39.16287580545450049,ts-contacts-service,-1,SpringMVC,True
1628758055957,1628758055958,{GET}/api/v1/contactservice/contacts/account/{accountId},Entry,ts-contacts-service,d59332882012449cb1e3ec31093fc1ee.45.16287580559570052.0,d59332882012449cb1e3ec31093fc1ee.45.16287580559570053,ts-contacts-service,-1,SpringMVC,True
1628758056732,1628758056735,{GET}/api/v1/contactservice/contacts/account/{accountId},Entry,ts-contacts-service,d59332882012449cb1e3ec31093fc1ee.37.16287580567320058.0,d59332882012449cb1e3ec31093fc1ee.37.16287580567320059,ts-contacts-service,-1,SpringMVC,True
1628758043048,1628758043052,{GET}/api/v1/contactservice/contacts/account/{accountId},Entry,ts-contacts-service,d59332882012449cb1e3ec31093fc1ee.46.16287580430480006.0,d59332882012449cb1e3ec31093fc1ee.46.16287580430480007,ts-contacts-service,-1,SpringMVC,True
1628758056644,1628758056646,{GET}/api/v1/contactservice/contacts/account/{accountId},Entry,ts-contacts-service,d59332882012449cb1e3ec31093fc1ee.41.16287580566440058.0,d59332882012449cb1e3ec31093fc1ee.41.16287580566440059,ts-contacts-service,-1,SpringMVC,True
1628758042047,1628758042053,{GET}/api/v1/contactservice/contacts/account/{accountId},Entry,ts-contacts-service,d59332882012449cb1e3ec31093fc1ee.42.16287580420470002.0,d59332882012449cb1e3ec31093fc1ee.42.16287580420470003,ts-contacts-service,-1,SpringMVC,True
1628758045232,1628758045236,{GET}/api/v1/contactservice/contacts/account/{accountId},Entry,ts-contacts-service,d59332882012449cb1e3ec31093fc1ee.46.16287580452320012.0,d59332882012449cb1e3ec31093fc1ee.46.16287580452320013,ts-contacts-service,-1,SpringMVC,True
1628758053832,1628758053834,{GET}/api/v1/contactservice/contacts/account/{accountId},Entry,ts-contacts-service,d59332882012449cb1e3ec31093fc1ee.42.16287580538320044.0,d59332882012449cb1e3ec31093fc1ee.42.16287580538320045,ts-contacts-service,-1,SpringMVC,True
1628758046143,1628758046146,{GET}/api/v1/contactservice/contacts/account/{accountId},Entry,ts-contacts-service,d59332882012449cb1e3ec31093fc1ee.40.16287580461420014.0,d59332882012449cb1e3ec31093fc1ee.40.16287580461430015,ts-contacts-service,-1,SpringMVC,True
1628758044748,1628758044751,{GET}/api/v1/contactservice/contacts/account/{accountId},Entry,ts-contacts-service,d59332882012449cb1e3ec31093fc1ee.40.16287580447470010.0,d59332882012449cb1e3ec31093fc1ee.40.16287580447470011,ts-contacts-service,-1,SpringMVC,True
1628758046633,1628758046637,{GET}/api/v1/contactservice/contacts/account/{accountId},Entry,ts-contacts-service,d59332882012449cb1e3ec31093fc1ee.38.16287580466330016.0,d59332882012449cb1e3ec31093fc1ee.38.16287580466330017,ts-contacts-service,-1,SpringMVC,True
1628758044147,1628758044236,{GET}/api/v1/contactservice/contacts/account/{accountId},Entry,ts-contacts-service,d59332882012449cb1e3ec31093fc1ee.42.16287580441470008.0,d59332882012449cb1e3ec31093fc1ee.42.16287580441470009,ts-contacts-service,-1,SpringMVC,True
1628758041132,1628758041141,{GET}/api/v1/contactservice/contacts/account/{accountId},Entry,ts-contacts-service,d59332882012449cb1e3ec31093fc1ee.39.16287580411320000.0,d59332882012449cb1e3ec31093fc1ee.39.16287580411320001,ts-contacts-service,-1,SpringMVC,True
1628758056545,1628758056546,{GET}/api/v1/contactservice/contacts/account/{accountId},Entry,ts-contacts-service,d59332882012449cb1e3ec31093fc1ee.46.16287580565450060.0,d59332882012449cb1e3ec31093fc1ee.46.16287580565450061,ts-contacts-service,-1,SpringMVC,True
1628758044348,1628758044436,{GET}/api/v1/contactservice/contacts/account/{accountId},Entry,ts-contacts-service,d59332882012449cb1e3ec31093fc1ee.45.16287580443480008.0,d59332882012449cb1e3ec31093fc1ee.45.16287580443480009,ts-contacts-service,-1,SpringMVC,True
1628758043448,1628758043535,{GET}/api/v1/contactservice/contacts/account/{accountId},Entry,ts-contacts-service,d59332882012449cb1e3ec31093fc1ee.42.16287580434480006.0,d59332882012449cb1e3ec31093fc1ee.42.16287580434480007,ts-contacts-service,-1,SpringMVC,True
1628758051202,1628758051204,{GET}/api/v1/contactservice/contacts/account/{accountId},Entry,ts-contacts-service,d59332882012449cb1e3ec31093fc1ee.43.16287580512020034.0,d59332882012449cb1e3ec31093fc1ee.43.16287580512020035,ts-contacts-service,-1,SpringMVC,True
1628758056155,1628758056157,{GET}/api/v1/contactservice/contacts/account/{accountId},Entry,ts-contacts-service,d59332882012449cb1e3ec31093fc1ee.42.16287580561550054.0,d59332882012449cb1e3ec31093fc1ee.42.16287580561550055,ts-contacts-service,-1,SpringMVC,True
1628758042834,1628758042840,{GET}/api/v1/contactservice/contacts/account/{accountId},Entry,ts-contacts-service,d59332882012449cb1e3ec31093fc1ee.43.16287580428340004.0,d59332882012449cb1e3ec31093fc1ee.43.16287580428340005,ts-contacts-service,-1,SpringMVC,True
1628758053857,1628758053859,{GET}/api/v1/contactservice/contacts/account/{accountId},Entry,ts-contacts-service,d59332882012449cb1e3ec31093fc1ee.44.16287580538570044.0,d59332882012449cb1e3ec31093fc1ee.44.16287580538570045,ts-contacts-service,-1,SpringMVC,True
1628758050247,1628758050249,{GET}/api/v1/contactservice/contacts/account/{accountId},Entry,ts-contacts-service,d59332882012449cb1e3ec31093fc1ee.42.16287580502460028.0,d59332882012449cb1e3ec31093fc1ee.42.16287580502470029,ts-contacts-service,-1,SpringMVC,True
1628758050745,1628758050747,{GET}/api/v1/contactservice/contacts/account/{accountId},Entry,ts-contacts-service,d59332882012449cb1e3ec31093fc1ee.43.16287580507450030.0,d59332882012449cb1e3ec31093fc1ee.43.16287580507450031,ts-contacts-service,-1,SpringMVC,True
1628758053332,1628758053335,{GET}/api/v1/contactservice/contacts/account/{accountId},Entry,ts-contacts-service,d59332882012449cb1e3ec31093fc1ee.43.16287580533320042.0,d59332882012449cb1e3ec31093fc1ee.43.16287580533320043,ts-contacts-service,-1,SpringMVC,True
1628758052732,1628758052735,{GET}/api/v1/contactservice/contacts/account/{accountId},Entry,ts-contacts-service,d59332882012449cb1e3ec31093fc1ee.44.16287580527320040.0,d59332882012449cb1e3ec31093fc1ee.44.16287580527320041,ts-contacts-service,-1,SpringMVC,True
1628758056298,1628758056300,{GET}/api/v1/contactservice/contacts/account/{accountId},Entry,ts-contacts-service,d59332882012449cb1e3ec31093fc1ee.40.16287580562980054.0,d59332882012449cb1e3ec31093fc1ee.40.16287580562980055,ts-contacts-service,-1,SpringMVC,True
1628758046333,1628758046337,{GET}/api/v1/contactservice/contacts/account/{accountId},Entry,ts-contacts-service,d59332882012449cb1e3ec31093fc1ee.43.16287580463330014.0,d59332882012449cb1e3ec31093fc1ee.43.16287580463330015,ts-contacts-service,-1,SpringMVC,True
1628758042549,1628758042635,{GET}/api/v1/contactservice/contacts/account/{accountId},Entry,ts-contacts-service,d59332882012449cb1e3ec31093fc1ee.40.16287580425490004.0,d59332882012449cb1e3ec31093fc1ee.40.16287580425490005,ts-contacts-service,-1,SpringMVC,True
1628758054332,1628758054335,{GET}/api/v1/contactservice/contacts/account/{accountId},Entry,ts-contacts-service,d59332882012449cb1e3ec31093fc1ee.44.16287580543320046.0,d59332882012449cb1e3ec31093fc1ee.44.16287580543320047,ts-contacts-service,-1,SpringMVC,True
1628758050732,1628758050735,{GET}/api/v1/contactservice/contacts/account/{accountId},Entry,ts-contacts-service,d59332882012449cb1e3ec31093fc1ee.42.16287580507320030.0,d59332882012449cb1e3ec31093fc1ee.42.16287580507320031,ts-contacts-service,-1,SpringMVC,True
1628758052156,1628758052158,{GET}/api/v1/contactservice/contacts/account/{accountId},Entry,ts-contacts-service,d59332882012449cb1e3ec31093fc1ee.42.16287580521560038.0,d59332882012449cb1e3ec31093fc1ee.42.16287580521560039,ts-contacts-service,-1,SpringMVC,True
1628758054232,1628758054234,{GET}/api/v1/contactservice/contacts/account/{accountId},Entry,ts-contacts-service,d59332882012449cb1e3ec31093fc1ee.42.16287580542320046.0,d59332882012449cb1e3ec31093fc1ee.42.16287580542320047,ts-contacts-service,-1,SpringMVC,True
1628758053933,1628758053936,{GET}/api/v1/contactservice/contacts/account/{accountId},Entry,ts-contacts-service,d59332882012449cb1e3ec31093fc1ee.45.16287580539330044.0,d59332882012449cb1e3ec31093fc1ee.45.16287580539330045,ts-contacts-service,-1,SpringMVC,True
1628758052056,1628758052133,{GET}/api/v1/contactservice/contacts/account/{accountId},Entry,ts-contacts-service,d59332882012449cb1e3ec31093fc1ee.40.16287580520560038.0,d59332882012449cb1e3ec31093fc1ee.40.16287580520560039,ts-contacts-service,-1,SpringMVC,True
1628758052344,1628758052346,{GET}/api/v1/contactservice/contacts/account/{accountId},Entry,ts-contacts-service,d59332882012449cb1e3ec31093fc1ee.37.16287580523440038.0,d59332882012449cb1e3ec31093fc1ee.37.16287580523440039,ts-contacts-service,-1,SpringMVC,True
1628758053845,1628758053847,{GET}/api/v1/contactservice/contacts/account/{accountId},Entry,ts-contacts-service,d59332882012449cb1e3ec31093fc1ee.43.16287580538450044.0,d59332882012449cb1e3ec31093fc1ee.43.16287580538450045,ts-contacts-service,-1,SpringMVC,True
1628758041533,1628758041540,{GET}/api/v1/contactservice/contacts/account/{accountId},Entry,ts-contacts-service,d59332882012449cb1e3ec31093fc1ee.44.16287580415330000.0,d59332882012449cb1e3ec31093fc1ee.44.16287580415330001,ts-contacts-service,-1,SpringMVC,True
1628758043158,1628758043234,{GET}/api/v1/contactservice/contacts/account/{accountId},Entry,ts-contacts-service,d59332882012449cb1e3ec31093fc1ee.38.16287580431580006.0,d59332882012449cb1e3ec31093fc1ee.38.16287580431580007,ts-contacts-service,-1,SpringMVC,True
1628758042161,1628758042237,{GET}/api/v1/contactservice/contacts/account/{accountId},Entry,ts-contacts-service,d59332882012449cb1e3ec31093fc1ee.45.16287580421610002.0,d59332882012449cb1e3ec31093fc1ee.45.16287580421610003,ts-contacts-service,-1,SpringMVC,True
1628758053133,1628758053143,{GET}/api/v1/contactservice/contacts/account/{accountId},Entry,ts-contacts-service,d59332882012449cb1e3ec31093fc1ee.40.16287580531330042.0,d59332882012449cb1e3ec31093fc1ee.40.16287580531330043,ts-contacts-service,-1,SpringMVC,True
1628758046649,1628758046736,{GET}/api/v1/contactservice/contacts/account/{accountId},Entry,ts-contacts-service,d59332882012449cb1e3ec31093fc1ee.39.16287580466490016.0,d59332882012449cb1e3ec31093fc1ee.39.16287580466490017,ts-contacts-service,-1,SpringMVC,True
1628758052832,1628758052835,{GET}/api/v1/contactservice/contacts/account/{accountId},Entry,ts-contacts-service,d59332882012449cb1e3ec31093fc1ee.37.16287580528320040.0,d59332882012449cb1e3ec31093fc1ee.37.16287580528320041,ts-contacts-service,-1,SpringMVC,True
1628758048647,1628758048735,{GET}/api/v1/contactservice/contacts/account/{accountId},Entry,ts-contacts-service,d59332882012449cb1e3ec31093fc1ee.40.16287580486470022.0,d59332882012449cb1e3ec31093fc1ee.40.16287580486470023,ts-contacts-service,-1,SpringMVC,True
1628758044833,1628758044837,{GET}/api/v1/contactservice/contacts/account/{accountId},Entry,ts-contacts-service,d59332882012449cb1e3ec31093fc1ee.41.16287580448330010.0,d59332882012449cb1e3ec31093fc1ee.41.16287580448330011,ts-contacts-service,-1,SpringMVC,True
1628758056343,1628758056345,{GET}/api/v1/contactservice/contacts/account/{accountId},Entry,ts-contacts-service,d59332882012449cb1e3ec31093fc1ee.42.16287580563430056.0,d59332882012449cb1e3ec31093fc1ee.42.16287580563430057,ts-contacts-service,-1,SpringMVC,True
1628758051157,1628758051158,{GET}/api/v1/contactservice/contacts/account/{accountId},Entry,ts-contacts-service,d59332882012449cb1e3ec31093fc1ee.39.16287580511570034.0,d59332882012449cb1e3ec31093fc1ee.39.16287580511570035,ts-contacts-service,-1,SpringMVC,True
1628758056056,1628758056058,{GET}/api/v1/contactservice/contacts/account/{accountId},Entry,ts-contacts-service,d59332882012449cb1e3ec31093fc1ee.39.16287580560560054.0,d59332882012449cb1e3ec31093fc1ee.39.16287580560560055,ts-contacts-service,-1,SpringMVC,True
1628758055347,1628758055434,{GET}/api/v1/contactservice/contacts/account/{accountId},Entry,ts-contacts-service,d59332882012449cb1e3ec31093fc1ee.43.16287580553470050.0,d59332882012449cb1e3ec31093fc1ee.43.16287580553470051,ts-contacts-service,-1,SpringMVC,True
1628758046349,1628758046353,{GET}/api/v1/contactservice/contacts/account/{accountId},Entry,ts-contacts-service,d59332882012449cb1e3ec31093fc1ee.44.16287580463490014.0,d59332882012449cb1e3ec31093fc1ee.44.16287580463490015,ts-contacts-service,-1,SpringMVC,True
1628758045743,1628758045748,{GET}/api/v1/contactservice/contacts/account/{accountId},Entry,ts-contacts-service,d59332882012449cb1e3ec31093fc1ee.45.16287580457430012.0,d59332882012449cb1e3ec31093fc1ee.45.16287580457430013,ts-contacts-service,-1,SpringMVC,True
1628758045847,1628758045939,{GET}/api/v1/contactservice/contacts/account/{accountId},Entry,ts-contacts-service,d59332882012449cb1e3ec31093fc1ee.37.16287580458470014.0,d59332882012449cb1e3ec31093fc1ee.37.16287580458470015,ts-contacts-service,-1,SpringMVC,True
1628758044246,1628758044250,{GET}/api/v1/contactservice/contacts/account/{accountId},Entry,ts-contacts-service,d59332882012449cb1e3ec31093fc1ee.43.16287580442460008.0,d59332882012449cb1e3ec31093fc1ee.43.16287580442460009,ts-contacts-service,-1,SpringMVC,True
1628758053946,1628758053949,{GET}/api/v1/contactservice/contacts/account/{accountId},Entry,ts-contacts-service,d59332882012449cb1e3ec31093fc1ee.37.16287580539460044.0,d59332882012449cb1e3ec31093fc1ee.37.16287580539460045,ts-contacts-service,-1,SpringMVC,True
1628758051072,1628758051074,{GET}/api/v1/contactservice/contacts/account/{accountId},Entry,ts-contacts-service,d59332882012449cb1e3ec31093fc1ee.45.16287580510720032.0,d59332882012449cb1e3ec31093fc1ee.45.16287580510720033,ts-contacts-service,-1,SpringMVC,True
1628758041950,1628758041957,{GET}/api/v1/contactservice/contacts/account/{accountId},Entry,ts-contacts-service,d59332882012449cb1e3ec31093fc1ee.40.16287580419500002.0,d59332882012449cb1e3ec31093fc1ee.40.16287580419500003,ts-contacts-service,-1,SpringMVC,True
1628758045348,1628758045436,{GET}/api/v1/contactservice/contacts/account/{accountId},Entry,ts-contacts-service,d59332882012449cb1e3ec31093fc1ee.39.16287580453480012.0,d59332882012449cb1e3ec31093fc1ee.39.16287580453480013,ts-contacts-service,-1,SpringMVC,True
1628758051646,1628758051734,{GET}/api/v1/contactservice/contacts/account/{accountId},Entry,ts-contacts-service,d59332882012449cb1e3ec31093fc1ee.41.16287580516460036.0,d59332882012449cb1e3ec31093fc1ee.41.16287580516460037,ts-contacts-service,-1,SpringMVC,True
1628758053756,1628758053759,{GET}/api/v1/contactservice/contacts/account/{accountId},Entry,ts-contacts-service,d59332882012449cb1e3ec31093fc1ee.41.16287580537560044.0,d59332882012449cb1e3ec31093fc1ee.41.16287580537560045,ts-contacts-service,-1,SpringMVC,True
1628758044549,1628758044635,{GET}/api/v1/contactservice/contacts/account/{accountId},Entry,ts-contacts-service,d59332882012449cb1e3ec31093fc1ee.37.16287580445480010.0,d59332882012449cb1e3ec31093fc1ee.37.16287580445480011,ts-contacts-service,-1,SpringMVC,True
1628758055979,1628758056032,{GET}/api/v1/contactservice/contacts/account/{accountId},Entry,ts-contacts-service,d59332882012449cb1e3ec31093fc1ee.46.16287580559790056.0,d59332882012449cb1e3ec31093fc1ee.46.16287580559790057,ts-contacts-service,-1,SpringMVC,True
1628758044032,1628758044037,{GET}/api/v1/contactservice/contacts/account/{accountId},Entry,ts-contacts-service,d59332882012449cb1e3ec31093fc1ee.38.16287580440320008.0,d59332882012449cb1e3ec31093fc1ee.38.16287580440320009,ts-contacts-service,-1,SpringMVC,True
1628758052357,1628758052359,{GET}/api/v1/contactservice/contacts/account/{accountId},Entry,ts-contacts-service,d59332882012449cb1e3ec31093fc1ee.46.16287580523570042.0,d59332882012449cb1e3ec31093fc1ee.46.16287580523570043,ts-contacts-service,-1,SpringMVC,True
1628758045446,1628758045450,{GET}/api/v1/contactservice/contacts/account/{accountId},Entry,ts-contacts-service,d59332882012449cb1e3ec31093fc1ee.40.16287580454460012.0,d59332882012449cb1e3ec31093fc1ee.40.16287580454460013,ts-contacts-service,-1,SpringMVC,True
1628758050546,1628758050549,{GET}/api/v1/contactservice/contacts/account/{accountId},Entry,ts-contacts-service,d59332882012449cb1e3ec31093fc1ee.38.16287580505460030.0,d59332882012449cb1e3ec31093fc1ee.38.16287580505460031,ts-contacts-service,-1,SpringMVC,True
1628758054833,1628758054837,{GET}/api/v1/contactservice/contacts/account/{accountId},Entry,ts-contacts-service,d59332882012449cb1e3ec31093fc1ee.44.16287580548330048.0,d59332882012449cb1e3ec31093fc1ee.44.16287580548330049,ts-contacts-service,-1,SpringMVC,True
1628758050842,1628758050845,{GET}/api/v1/contactservice/contacts/account/{accountId},Entry,ts-contacts-service,d59332882012449cb1e3ec31093fc1ee.46.16287580508420032.0,d59332882012449cb1e3ec31093fc1ee.46.16287580508420033,ts-contacts-service,-1,SpringMVC,True
1628758049546,1628758049548,{GET}/api/v1/contactservice/contacts/account/{accountId},Entry,ts-contacts-service,d59332882012449cb1e3ec31093fc1ee.38.16287580495460026.0,d59332882012449cb1e3ec31093fc1ee.38.16287580495460027,ts-contacts-service,-1,SpringMVC,True
1628758049166,1628758049168,{GET}/api/v1/contactservice/contacts/account/{accountId},Entry,ts-contacts-service,d59332882012449cb1e3ec31093fc1ee.41.16287580491650024.0,d59332882012449cb1e3ec31093fc1ee.41.16287580491660025,ts-contacts-service,-1,SpringMVC,True
1628758042147,1628758042151,{GET}/api/v1/contactservice/contacts/account/{accountId},Entry,ts-contacts-service,d59332882012449cb1e3ec31093fc1ee.44.16287580421470002.0,d59332882012449cb1e3ec31093fc1ee.44.16287580421470003,ts-contacts-service,-1,SpringMVC,True
1628758052447,1628758052451,{GET}/api/v1/contactservice/contacts/account/{accountId},Entry,ts-contacts-service,d59332882012449cb1e3ec31093fc1ee.39.16287580524470040.0,d59332882012449cb1e3ec31093fc1ee.39.16287580524470041,ts-contacts-service,-1,SpringMVC,True
1628758044732,1628758044737,{GET}/api/v1/contactservice/contacts/account/{accountId},Entry,ts-contacts-service,d59332882012449cb1e3ec31093fc1ee.39.16287580447320010.0,d59332882012449cb1e3ec31093fc1ee.39.16287580447320011,ts-contacts-service,-1,SpringMVC,True
1628758052434,1628758052437,{GET}/api/v1/contactservice/contacts/account/{accountId},Entry,ts-contacts-service,d59332882012449cb1e3ec31093fc1ee.38.16287580524340040.0,d59332882012449cb1e3ec31093fc1ee.38.16287580524340041,ts-contacts-service,-1,SpringMVC,True
1628758042533,1628758042539,{GET}/api/v1/contactservice/contacts/account/{accountId},Entry,ts-contacts-service,d59332882012449cb1e3ec31093fc1ee.39.16287580425330004.0,d59332882012449cb1e3ec31093fc1ee.39.16287580425330005,ts-contacts-service,-1,SpringMVC,True
1628758050345,1628758050347,{GET}/api/v1/contactservice/contacts/account/{accountId},Entry,ts-contacts-service,d59332882012449cb1e3ec31093fc1ee.44.16287580503450028.0,d59332882012449cb1e3ec31093fc1ee.44.16287580503450029,ts-contacts-service,-1,SpringMVC,True
1628758056443,1628758056445,{GET}/api/v1/contactservice/contacts/account/{accountId},Entry,ts-contacts-service,d59332882012449cb1e3ec31093fc1ee.44.16287580564430056.0,d59332882012449cb1e3ec31093fc1ee.44.16287580564430057,ts-contacts-service,-1,SpringMVC,True
1628758056557,1628758056558,{GET}/api/v1/contactservice/contacts/account/{accountId},Entry,ts-contacts-service,d59332882012449cb1e3ec31093fc1ee.38.16287580565570058.0,d59332882012449cb1e3ec31093fc1ee.38.16287580565570059,ts-contacts-service,-1,SpringMVC,True
1628758045548,1628758045551,{GET}/api/v1/contactservice/contacts/account/{accountId},Entry,ts-contacts-service,d59332882012449cb1e3ec31093fc1ee.42.16287580455480012.0,d59332882012449cb1e3ec31093fc1ee.42.16287580455480013,ts-contacts-service,-1,SpringMVC,True
1628758048045,1628758048048,{GET}/api/v1/contactservice/contacts/account/{accountId},Entry,ts-contacts-service,d59332882012449cb1e3ec31093fc1ee.38.16287580480450020.0,d59332882012449cb1e3ec31093fc1ee.38.16287580480450021,ts-contacts-service,-1,SpringMVC,True
1628758056678,1628758056680,{GET}/api/v1/contactservice/contacts/account/{accountId},Entry,ts-contacts-service,d59332882012449cb1e3ec31093fc1ee.44.16287580566780058.0,d59332882012449cb1e3ec31093fc1ee.44.16287580566780059,ts-contacts-service,-1,SpringMVC,True
1628758046232,1628758046236,{GET}/api/v1/contactservice/contacts/account/{accountId},Entry,ts-contacts-service,d59332882012449cb1e3ec31093fc1ee.41.16287580462320014.0,d59332882012449cb1e3ec31093fc1ee.41.16287580462320015,ts-contacts-service,-1,SpringMVC,True
1628758047432,1628758047436,{GET}/api/v1/contactservice/contacts/account/{accountId},Entry,ts-contacts-service,d59332882012449cb1e3ec31093fc1ee.41.16287580474320018.0,d59332882012449cb1e3ec31093fc1ee.41.16287580474320019,ts-contacts-service,-1,SpringMVC,True
1628758054032,1628758054035,{GET}/api/v1/contactservice/contacts/account/{accountId},Entry,ts-contacts-service,d59332882012449cb1e3ec31093fc1ee.46.16287580540320048.0,d59332882012449cb1e3ec31093fc1ee.46.16287580540320049,ts-contacts-service,-1,SpringMVC,True
1628758050357,1628758050434,{GET}/api/v1/contactservice/contacts/account/{accountId},Entry,ts-contacts-service,d59332882012449cb1e3ec31093fc1ee.45.16287580503570028.0,d59332882012449cb1e3ec31093fc1ee.45.16287580503570029,ts-contacts-service,-1,SpringMVC,True
1628758054847,1628758054934,{GET}/api/v1/contactservice/contacts/account/{accountId},Entry,ts-contacts-service,d59332882012449cb1e3ec31093fc1ee.45.16287580548470048.0,d59332882012449cb1e3ec31093fc1ee.45.16287580548470049,ts-contacts-service,-1,SpringMVC,True
1628758051243,1628758051333,{GET}/api/v1/contactservice/contacts/account/{accountId},Entry,ts-contacts-service,d59332882012449cb1e3ec31093fc1ee.45.16287580512430034.0,d59332882012449cb1e3ec31093fc1ee.45.16287580512430035,ts-contacts-service,-1,SpringMVC,True
1628758051179,1628758051181,{GET}/api/v1/contactservice/contacts/account/{accountId},Entry,ts-contacts-service,d59332882012449cb1e3ec31093fc1ee.41.16287580511790034.0,d59332882012449cb1e3ec31093fc1ee.41.16287580511790035,ts-contacts-service,-1,SpringMVC,True
1628758050968,1628758050970,{GET}/api/v1/contactservice/contacts/account/{accountId},Entry,ts-contacts-service,d59332882012449cb1e3ec31093fc1ee.41.16287580509680032.0,d59332882012449cb1e3ec31093fc1ee.41.16287580509680033,ts-contacts-service,-1,SpringMVC,True
1628758050646,1628758050648,{GET}/api/v1/contactservice/contacts/account/{accountId},Entry,ts-contacts-service,d59332882012449cb1e3ec31093fc1ee.40.16287580506460030.0,d59332882012449cb1e3ec31093fc1ee.40.16287580506460031,ts-contacts-service,-1,SpringMVC,True
1628758053646,1628758053648,{GET}/api/v1/contactservice/contacts/account/{accountId},Entry,ts-contacts-service,d59332882012449cb1e3ec31093fc1ee.38.16287580536460044.0,d59332882012449cb1e3ec31093fc1ee.38.16287580536460045,ts-contacts-service,-1,SpringMVC,True
1628758047932,1628758047936,{GET}/api/v1/contactservice/contacts/account/{accountId},Entry,ts-contacts-service,d59332882012449cb1e3ec31093fc1ee.46.16287580479320020.0,d59332882012449cb1e3ec31093fc1ee.46.16287580479320021,ts-contacts-service,-1,SpringMVC,True
1628758047332,1628758047336,{GET}/api/v1/contactservice/contacts/account/{accountId},Entry,ts-contacts-service,d59332882012449cb1e3ec31093fc1ee.39.16287580473320018.0,d59332882012449cb1e3ec31093fc1ee.39.16287580473320019,ts-contacts-service,-1,SpringMVC,True
1628758050855,1628758050858,{GET}/api/v1/contactservice/contacts/account/{accountId},Entry,ts-contacts-service,d59332882012449cb1e3ec31093fc1ee.37.16287580508550032.0,d59332882012449cb1e3ec31093fc1ee.37.16287580508550033,ts-contacts-service,-1,SpringMVC,True
1628758054632,1628758054635,{GET}/api/v1/contactservice/contacts/account/{accountId},Entry,ts-contacts-service,d59332882012449cb1e3ec31093fc1ee.40.16287580546320046.0,d59332882012449cb1e3ec31093fc1ee.40.16287580546320047,ts-contacts-service,-1,SpringMVC,True
1628758041752,1628758041840,{GET}/api/v1/contactservice/contacts/account/{accountId},Entry,ts-contacts-service,d59332882012449cb1e3ec31093fc1ee.38.16287580417520002.0,d59332882012449cb1e3ec31093fc1ee.38.16287580417520003,ts-contacts-service,-1,SpringMVC,True
1628758048832,1628758048836,{GET}/api/v1/contactservice/contacts/account/{accountId},Entry,ts-contacts-service,d59332882012449cb1e3ec31093fc1ee.42.16287580488320022.0,d59332882012449cb1e3ec31093fc1ee.42.16287580488320023,ts-contacts-service,-1,SpringMVC,True
1628758049645,1628758049648,{GET}/api/v1/contactservice/contacts/account/{accountId},Entry,ts-contacts-service,d59332882012449cb1e3ec31093fc1ee.40.16287580496450026.0,d59332882012449cb1e3ec31093fc1ee.40.16287580496450027,ts-contacts-service,-1,SpringMVC,True
1628758049843,1628758049846,{GET}/api/v1/contactservice/contacts/account/{accountId},Entry,ts-contacts-service,d59332882012449cb1e3ec31093fc1ee.44.16287580498430026.0,d59332882012449cb1e3ec31093fc1ee.44.16287580498430027,ts-contacts-service,-1,SpringMVC,True
1628758051545,1628758051549,{GET}/api/v1/contactservice/contacts/account/{accountId},Entry,ts-contacts-service,d59332882012449cb1e3ec31093fc1ee.39.16287580515450036.0,d59332882012449cb1e3ec31093fc1ee.39.16287580515450037,ts-contacts-service,-1,SpringMVC,True
1628758050932,1628758050935,{GET}/api/v1/contactservice/contacts/account/{accountId},Entry,ts-contacts-service,d59332882012449cb1e3ec31093fc1ee.38.16287580509320032.0,d59332882012449cb1e3ec31093fc1ee.38.16287580509320033,ts-contacts-service,-1,SpringMVC,True
1628758052546,1628758052634,{GET}/api/v1/contactservice/contacts/account/{accountId},Entry,ts-contacts-service,d59332882012449cb1e3ec31093fc1ee.41.16287580525460040.0,d59332882012449cb1e3ec31093fc1ee.41.16287580525460041,ts-contacts-service,-1,SpringMVC,True
1628758049735,1628758049738,{GET}/api/v1/contactservice/contacts/account/{accountId},Entry,ts-contacts-service,d59332882012449cb1e3ec31093fc1ee.41.16287580497350026.0,d59332882012449cb1e3ec31093fc1ee.41.16287580497350027,ts-contacts-service,-1,SpringMVC,True
1628758048146,1628758048150,{GET}/api/v1/contactservice/contacts/account/{accountId},Entry,ts-contacts-service,d59332882012449cb1e3ec31093fc1ee.41.16287580481460020.0,d59332882012449cb1e3ec31093fc1ee.41.16287580481460021,ts-contacts-service,-1,SpringMVC,True
1628758047533,1628758047537,{GET}/api/v1/contactservice/contacts/account/{accountId},Entry,ts-contacts-service,d59332882012449cb1e3ec31093fc1ee.42.16287580475330018.0,d59332882012449cb1e3ec31093fc1ee.42.16287580475330019,ts-contacts-service,-1,SpringMVC,True
1628758049532,1628758049536,{GET}/api/v1/contactservice/contacts/account/{accountId},Entry,ts-contacts-service,d59332882012449cb1e3ec31093fc1ee.37.16287580495320026.0,d59332882012449cb1e3ec31093fc1ee.37.16287580495320027,ts-contacts-service,-1,SpringMVC,True
1628758054732,1628758054735,{GET}/api/v1/contactservice/contacts/account/{accountId},Entry,ts-contacts-service,d59332882012449cb1e3ec31093fc1ee.42.16287580547320048.0,d59332882012449cb1e3ec31093fc1ee.42.16287580547320049,ts-contacts-service,-1,SpringMVC,True
1628758047947,1628758048035,{GET}/api/v1/contactservice/contacts/account/{accountId},Entry,ts-contacts-service,d59332882012449cb1e3ec31093fc1ee.37.16287580479470020.0,d59332882012449cb1e3ec31093fc1ee.37.16287580479470021,ts-contacts-service,-1,SpringMVC,True
1628758046947,1628758046950,{GET}/api/v1/contactservice/contacts/account/{accountId},Entry,ts-contacts-service,d59332882012449cb1e3ec31093fc1ee.43.16287580469470016.0,d59332882012449cb1e3ec31093fc1ee.43.16287580469470017,ts-contacts-service,-1,SpringMVC,True
1628758048847,1628758048934,{GET}/api/v1/contactservice/contacts/account/{accountId},Entry,ts-contacts-service,d59332882012449cb1e3ec31093fc1ee.43.16287580488470022.0,d59332882012449cb1e3ec31093fc1ee.43.16287580488470023,ts-contacts-service,-1,SpringMVC,True
1628758056355,1628758056433,{GET}/api/v1/contactservice/contacts/account/{accountId},Entry,ts-contacts-service,d59332882012449cb1e3ec31093fc1ee.43.16287580563550056.0,d59332882012449cb1e3ec31093fc1ee.43.16287580563550057,ts-contacts-service,-1,SpringMVC,True
1628758048944,1628758048947,{GET}/api/v1/contactservice/contacts/account/{accountId},Entry,ts-contacts-service,d59332882012449cb1e3ec31093fc1ee.44.16287580489440022.0,d59332882012449cb1e3ec31093fc1ee.44.16287580489440023,ts-contacts-service,-1,SpringMVC,True
1628758048345,1628758048348,{GET}/api/v1/contactservice/contacts/account/{accountId},Entry,ts-contacts-service,d59332882012449cb1e3ec31093fc1ee.45.16287580483450020.0,d59332882012449cb1e3ec31093fc1ee.45.16287580483450021,ts-contacts-service,-1,SpringMVC,True
1628758054745,1628758054748,{GET}/api/v1/contactservice/contacts/account/{accountId},Entry,ts-contacts-service,d59332882012449cb1e3ec31093fc1ee.43.16287580547450048.0,d59332882012449cb1e3ec31093fc1ee.43.16287580547450049,ts-contacts-service,-1,SpringMVC,True
1628758041445,1628758041451,{GET}/api/v1/contactservice/contacts/account/{accountId},Entry,ts-contacts-service,d59332882012449cb1e3ec31093fc1ee.43.16287580414450000.0,d59332882012449cb1e3ec31093fc1ee.43.16287580414450001,ts-contacts-service,-1,SpringMVC,True
1628758048956,1628758049035,{GET}/api/v1/contactservice/contacts/account/{accountId},Entry,ts-contacts-service,d59332882012449cb1e3ec31093fc1ee.45.16287580489560022.0,d59332882012449cb1e3ec31093fc1ee.45.16287580489560023,ts-contacts-service,-1,SpringMVC,True
1628758055532,1628758055534,{GET}/api/v1/contactservice/contacts/account/{accountId},Entry,ts-contacts-service,d59332882012449cb1e3ec31093fc1ee.45.16287580555320050.0,d59332882012449cb1e3ec31093fc1ee.45.16287580555320051,ts-contacts-service,-1,SpringMVC,True
1628758044447,1628758044538,{GET}/api/v1/contactservice/contacts/account/{accountId},Entry,ts-contacts-service,d59332882012449cb1e3ec31093fc1ee.46.16287580444470010.0,d59332882012449cb1e3ec31093fc1ee.46.16287580444470011,ts-contacts-service,-1,SpringMVC,True
1628758049232,1628758049237,{GET}/api/v1/contactservice/contacts/account/{accountId},Entry,ts-contacts-service,d59332882012449cb1e3ec31093fc1ee.43.16287580492320024.0,d59332882012449cb1e3ec31093fc1ee.43.16287580492320025,ts-contacts-service,-1,SpringMVC,True
1628758051145,1628758051147,{GET}/api/v1/contactservice/contacts/account/{accountId},Entry,ts-contacts-service,d59332882012449cb1e3ec31093fc1ee.38.16287580511450034.0,d59332882012449cb1e3ec31093fc1ee.38.16287580511450035,ts-contacts-service,-1,SpringMVC,True
1628758053154,1628758053233,{GET}/api/v1/contactservice/contacts/account/{accountId},Entry,ts-contacts-service,d59332882012449cb1e3ec31093fc1ee.41.16287580531530042.0,d59332882012449cb1e3ec31093fc1ee.41.16287580531540043,ts-contacts-service,-1,SpringMVC,True
1628758040960,1628758040970,{GET}/api/v1/contactservice/contacts/account/{accountId},Entry,ts-contacts-service,d59332882012449cb1e3ec31093fc1ee.46.16287580409600000.0,d59332882012449cb1e3ec31093fc1ee.46.16287580409600001,ts-contacts-service,-1,SpringMVC,True
1628758045832,1628758045836,{GET}/api/v1/contactservice/contacts/account/{accountId},Entry,ts-contacts-service,d59332882012449cb1e3ec31093fc1ee.46.16287580458320014.0,d59332882012449cb1e3ec31093fc1ee.46.16287580458320015,ts-contacts-service,-1,SpringMVC,True
1628758048746,1628758048749,{GET}/api/v1/contactservice/contacts/account/{accountId},Entry,ts-contacts-service,d59332882012449cb1e3ec31093fc1ee.41.16287580487460022.0,d59332882012449cb1e3ec31093fc1ee.41.16287580487460023,ts-contacts-service,-1,SpringMVC,True
1628758054144,1628758054147,{GET}/api/v1/contactservice/contacts/account/{accountId},Entry,ts-contacts-service,d59332882012449cb1e3ec31093fc1ee.41.16287580541440046.0,d59332882012449cb1e3ec31093fc1ee.41.16287580541440047,ts-contacts-service,-1,SpringMVC,True
1628758047245,1628758047249,{GET}/api/v1/contactservice/contacts/account/{accountId},Entry,ts-contacts-service,d59332882012449cb1e3ec31093fc1ee.38.16287580472450018.0,d59332882012449cb1e3ec31093fc1ee.38.16287580472450019,ts-contacts-service,-1,SpringMVC,True
1628758044048,1628758044051,{GET}/api/v1/contactservice/contacts/account/{accountId},Entry,ts-contacts-service,d59332882012449cb1e3ec31093fc1ee.39.16287580440480008.0,d59332882012449cb1e3ec31093fc1ee.39.16287580440480009,ts-contacts-service,-1,SpringMVC,True
1628758056043,1628758056045,{GET}/api/v1/contactservice/contacts/account/{accountId},Entry,ts-contacts-service,d59332882012449cb1e3ec31093fc1ee.38.16287580560430054.0,d59332882012449cb1e3ec31093fc1ee.38.16287580560430055,ts-contacts-service,-1,SpringMVC,True
1628758041245,1628758041333,{GET}/api/v1/contactservice/contacts/account/{accountId},Entry,ts-contacts-service,d59332882012449cb1e3ec31093fc1ee.41.16287580412450002.0,d59332882012449cb1e3ec31093fc1ee.41.16287580412450003,ts-contacts-service,-1,SpringMVC,True
1628758046532,1628758046536,{GET}/api/v1/contactservice/contacts/account/{accountId},Entry,ts-contacts-service,d59332882012449cb1e3ec31093fc1ee.46.16287580465320016.0,d59332882012449cb1e3ec31093fc1ee.46.16287580465320017,ts-contacts-service,-1,SpringMVC,True
1628758048432,1628758048436,{GET}/api/v1/contactservice/contacts/account/{accountId},Entry,ts-contacts-service,d59332882012449cb1e3ec31093fc1ee.46.16287580484320022.0,d59332882012449cb1e3ec31093fc1ee.46.16287580484320023,ts-contacts-service,-1,SpringMVC,True
1628758051846,1628758051848,{GET}/api/v1/contactservice/contacts/account/{accountId},Entry,ts-contacts-service,d59332882012449cb1e3ec31093fc1ee.44.16287580518460036.0,d59332882012449cb1e3ec31093fc1ee.44.16287580518460037,ts-contacts-service,-1,SpringMVC,True
1628758052246,1628758052247,{GET}/api/v1/contactservice/contacts/account/{accountId},Entry,ts-contacts-service,d59332882012449cb1e3ec31093fc1ee.44.16287580522450038.0,d59332882012449cb1e3ec31093fc1ee.44.16287580522460039,ts-contacts-service,-1,SpringMVC,True
1628758041932,1628758041939,{GET}/api/v1/contactservice/contacts/account/{accountId},Entry,ts-contacts-service,d59332882012449cb1e3ec31093fc1ee.39.16287580419320002.0,d59332882012449cb1e3ec31093fc1ee.39.16287580419320003,ts-contacts-service,-1,SpringMVC,True
1628758053243,1628758053246,{GET}/api/v1/contactservice/contacts/account/{accountId},Entry,ts-contacts-service,d59332882012449cb1e3ec31093fc1ee.42.16287580532430042.0,d59332882012449cb1e3ec31093fc1ee.42.16287580532430043,ts-contacts-service,-1,SpringMVC,True
1628758054045,1628758054048,{GET}/api/v1/contactservice/contacts/account/{accountId},Entry,ts-contacts-service,d59332882012449cb1e3ec31093fc1ee.38.16287580540450046.0,d59332882012449cb1e3ec31093fc1ee.38.16287580540450047,ts-contacts-service,-1,SpringMVC,True
1628758045032,1628758045038,{GET}/api/v1/contactservice/contacts/account/{accountId},Entry,ts-contacts-service,d59332882012449cb1e3ec31093fc1ee.43.16287580450320010.0,d59332882012449cb1e3ec31093fc1ee.43.16287580450320011,ts-contacts-service,-1,SpringMVC,True
1628758051168,1628758051170,{GET}/api/v1/contactservice/contacts/account/{accountId},Entry,ts-contacts-service,d59332882012449cb1e3ec31093fc1ee.40.16287580511680034.0,d59332882012449cb1e3ec31093fc1ee.40.16287580511680035,ts-contacts-service,-1,SpringMVC,True
1628758056656,1628758056658,{GET}/api/v1/contactservice/contacts/account/{accountId},Entry,ts-contacts-service,d59332882012449cb1e3ec31093fc1ee.42.16287580566560058.0,d59332882012449cb1e3ec31093fc1ee.42.16287580566560059,ts-contacts-service,-1,SpringMVC,True
1628758051832,1628758051835,{GET}/api/v1/contactservice/contacts/account/{accountId},Entry,ts-contacts-service,d59332882012449cb1e3ec31093fc1ee.43.16287580518320036.0,d59332882012449cb1e3ec31093fc1ee.43.16287580518320037,ts-contacts-service,-1,SpringMVC,True
1628758049142,1628758049144,{GET}/api/v1/contactservice/contacts/account/{accountId},Entry,ts-contacts-service,d59332882012449cb1e3ec31093fc1ee.39.16287580491420024.0,d59332882012449cb1e3ec31093fc1ee.39.16287580491420025,ts-contacts-service,-1,SpringMVC,True
1628758051857,1628758051860,{GET}/api/v1/contactservice/contacts/account/{accountId},Entry,ts-contacts-service,d59332882012449cb1e3ec31093fc1ee.45.16287580518570036.0,d59332882012449cb1e3ec31093fc1ee.45.16287580518570037,ts-contacts-service,-1,SpringMVC,True
1628758051048,1628758051050,{GET}/api/v1/contactservice/contacts/account/{accountId},Entry,ts-contacts-service,d59332882012449cb1e3ec31093fc1ee.43.16287580510480032.0,d59332882012449cb1e3ec31093fc1ee.43.16287580510480033,ts-contacts-service,-1,SpringMVC,True
1628758042344,1628758042433,{GET}/api/v1/contactservice/contacts/account/{accountId},Entry,ts-contacts-service,d59332882012449cb1e3ec31093fc1ee.37.16287580423440004.0,d59332882012449cb1e3ec31093fc1ee.37.16287580423440005,ts-contacts-service,-1,SpringMVC,True
1628758053632,1628758053635,{GET}/api/v1/contactservice/contacts/account/{accountId},Entry,ts-contacts-service,d59332882012449cb1e3ec31093fc1ee.46.16287580536320046.0,d59332882012449cb1e3ec31093fc1ee.46.16287580536320047,ts-contacts-service,-1,SpringMVC,True
1628758047148,1628758047235,{GET}/api/v1/contactservice/contacts/account/{accountId},Entry,ts-contacts-service,d59332882012449cb1e3ec31093fc1ee.37.16287580471480018.0,d59332882012449cb1e3ec31093fc1ee.37.16287580471480019,ts-contacts-service,-1,SpringMVC,True
1628758049069,1628758049132,{GET}/api/v1/contactservice/contacts/account/{accountId},Entry,ts-contacts-service,d59332882012449cb1e3ec31093fc1ee.38.16287580490690024.0,d59332882012449cb1e3ec31093fc1ee.38.16287580490690025,ts-contacts-service,-1,SpringMVC,True
1628758046546,1628758046550,{GET}/api/v1/contactservice/contacts/account/{accountId},Entry,ts-contacts-service,d59332882012449cb1e3ec31093fc1ee.37.16287580465460016.0,d59332882012449cb1e3ec31093fc1ee.37.16287580465460017,ts-contacts-service,-1,SpringMVC,True
1628758051632,1628758051635,{GET}/api/v1/contactservice/contacts/account/{accountId},Entry,ts-contacts-service,d59332882012449cb1e3ec31093fc1ee.40.16287580516320036.0,d59332882012449cb1e3ec31093fc1ee.40.16287580516320037,ts-contacts-service,-1,SpringMVC,True
1628758041550,1628758041556,{GET}/api/v1/contactservice/contacts/account/{accountId},Entry,ts-contacts-service,d59332882012449cb1e3ec31093fc1ee.45.16287580415500000.0,d59332882012449cb1e3ec31093fc1ee.45.16287580415500001,ts-contacts-service,-1,SpringMVC,True
1628758055744,1628758055746,{GET}/api/v1/contactservice/contacts/account/{accountId},Entry,ts-contacts-service,d59332882012449cb1e3ec31093fc1ee.39.16287580557440052.0,d59332882012449cb1e3ec31093fc1ee.39.16287580557440053,ts-contacts-service,-1,SpringMVC,True
1628758056568,1628758056570,{GET}/api/v1/contactservice/contacts/account/{accountId},Entry,ts-contacts-service,d59332882012449cb1e3ec31093fc1ee.39.16287580565680058.0,d59332882012449cb1e3ec31093fc1ee.39.16287580565680059,ts-contacts-service,-1,SpringMVC,True
1628758055968,1628758055970,{GET}/api/v1/contactservice/contacts/account/{accountId},Entry,ts-contacts-service,d59332882012449cb1e3ec31093fc1ee.37.16287580559680052.0,d59332882012449cb1e3ec31093fc1ee.37.16287580559680053,ts-contacts-service,-1,SpringMVC,True
1628758045049,1628758045135,{GET}/api/v1/contactservice/contacts/account/{accountId},Entry,ts-contacts-service,d59332882012449cb1e3ec31093fc1ee.44.16287580450490010.0,d59332882012449cb1e3ec31093fc1ee.44.16287580450490011,ts-contacts-service,-1,SpringMVC,True
1628758056144,1628758056145,{GET}/api/v1/contactservice/contacts/account/{accountId},Entry,ts-contacts-service,d59332882012449cb1e3ec31093fc1ee.41.16287580561440054.0,d59332882012449cb1e3ec31093fc1ee.41.16287580561440055,ts-contacts-service,-1,SpringMVC,True
1628758051191,1628758051193,{GET}/api/v1/contactservice/contacts/account/{accountId},Entry,ts-contacts-service,d59332882012449cb1e3ec31093fc1ee.42.16287580511910034.0,d59332882012449cb1e3ec31093fc1ee.42.16287580511910035,ts-contacts-service,-1,SpringMVC,True
1628758047648,1628758047735,{GET}/api/v1/contactservice/contacts/account/{accountId},Entry,ts-contacts-service,d59332882012449cb1e3ec31093fc1ee.44.16287580476480018.0,d59332882012449cb1e3ec31093fc1ee.44.16287580476480019,ts-contacts-service,-1,SpringMVC,True
1628758050260,1628758050334,{GET}/api/v1/contactservice/contacts/account/{accountId},Entry,ts-contacts-service,d59332882012449cb1e3ec31093fc1ee.43.16287580502590028.0,d59332882012449cb1e3ec31093fc1ee.43.16287580502590029,ts-contacts-service,-1,SpringMVC,True
1628758043143,1628758043148,{GET}/api/v1/contactservice/contacts/account/{accountId},Entry,ts-contacts-service,d59332882012449cb1e3ec31093fc1ee.37.16287580431430006.0,d59332882012449cb1e3ec31093fc1ee.37.16287580431430007,ts-contacts-service,-1,SpringMVC,True
1628758046432,1628758046436,{GET}/api/v1/contactservice/contacts/account/{accountId},Entry,ts-contacts-service,d59332882012449cb1e3ec31093fc1ee.45.16287580464320014.0,d59332882012449cb1e3ec31093fc1ee.45.16287580464320015,ts-contacts-service,-1,SpringMVC,True
1628758048246,1628758048249,{GET}/api/v1/contactservice/contacts/account/{accountId},Entry,ts-contacts-service,d59332882012449cb1e3ec31093fc1ee.43.16287580482460020.0,d59332882012449cb1e3ec31093fc1ee.43.16287580482460021,ts-contacts-service,-1,SpringMVC,True
1628758046047,1628758046132,{GET}/api/v1/contactservice/contacts/account/{accountId},Entry,ts-contacts-service,d59332882012449cb1e3ec31093fc1ee.39.16287580460470014.0,d59332882012449cb1e3ec31093fc1ee.39.16287580460470015,ts-contacts-service,-1,SpringMVC,True
1628758041732,1628758041741,{GET}/api/v1/contactservice/contacts/account/{accountId},Entry,ts-contacts-service,d59332882012449cb1e3ec31093fc1ee.37.16287580417320002.0,d59332882012449cb1e3ec31093fc1ee.37.16287580417320003,ts-contacts-service,-1,SpringMVC,True
1628758047746,1628758047835,{GET}/api/v1/contactservice/contacts/account/{accountId},Entry,ts-contacts-service,d59332882012449cb1e3ec31093fc1ee.45.16287580477460018.0,d59332882012449cb1e3ec31093fc1ee.45.16287580477460019,ts-contacts-service,-1,SpringMVC,True
1628758056667,1628758056669,{GET}/api/v1/contactservice/contacts/account/{accountId},Entry,ts-contacts-service,d59332882012449cb1e3ec31093fc1ee.43.16287580566670058.0,d59332882012449cb1e3ec31093fc1ee.43.16287580566670059,ts-contacts-service,-1,SpringMVC,True
1628758050047,1628758050050,{GET}/api/v1/contactservice/contacts/account/{accountId},Entry,ts-contacts-service,d59332882012449cb1e3ec31093fc1ee.38.16287580500470028.0,d59332882012449cb1e3ec31093fc1ee.38.16287580500470029,ts-contacts-service,-1,SpringMVC,True
