EventId,EventTemplate,Occurrences
cd339d05,"Query stations for name batch,StationIdNumbers: 18",150
279bac6f,"[Query Order] Orders don't fit the requirement, loginId: 4d2a46c7-71cb-4cf1-b5bb-b68406d9da6f",150
4db0c4ec,[Query Order][Step 1] Get Orders Number of Account: 9,150
8f0e5bb7,[Query Orders] Query Orders for 4d2a46c7-71cb-4cf1-b5bb-b68406d9da6f,150
c1218947,"request orders for refresh time out:org.springframework.web.client.ResourceAccessException: I/O error on POST request for ""http://ts-station-service:12345/api/v1/stationservice/stations/namelist"": Read timed out; nested exception is java.net.SocketTimeoutException: Read timed out",74
8f199e53,FrameworkServlet 'dispatcherServlet': initialization completed in 75 ms,1
9790213c,FrameworkServlet 'dispatcherServlet': initialization started,1
b26a1fcd,Initializing Spring FrameworkServlet 'dispatcherServlet',1
3b9c430d,"Name List is: Response(status=1, msg=Success,",76
